1,50,5.53,0.093,0.031,0.027287960052490234-0.01265406608581543-0.022044897079467773-0.05254721641540527-0.056467294692993164-0.02534031867980957-0.012485265731811523-0.006342172622680664-0.027535676956176758-0.09870100021362305-0.0039141178131103516-0.03564906120300293-0.027385473251342773-0.0360569953918457-0.032163143157958984-0.04686164855957031-0.041452884674072266-0.03362584114074707-0.03679990768432617-0.06383967399597168-0.007409572601318359-0.007961034774780273-0.025666236877441406-0.013910770416259766-0.00018835067749023438-0.041170597076416016-0.08045697212219238-0.037160634994506836-0.06996917724609375-0.07780575752258301-0.024880647659301758-0.03995108604431152-0.02423691749572754-0.039922475814819336-0.025706768035888672-0.027528762817382812-0.0012485980987548828-0.015038728713989258-0.03660225868225098-0.010256528854370117-0.03054642677307129-0.00035262107849121094-0.0727841854095459-0.01098489761352539-0.016474246978759766-0.03332829475402832-0.02652883529663086-0.03918313980102539-0.04485130310058594-0.04635047912597656-0.07747364044189453-0.0008184909820556641-0.04028677940368652-0.03449869155883789-0.03909134864807129-0.039548397064208984-0.029418468475341797-0.04073309898376465-0.07890677452087402-0.03574538230895996-0.04696345329284668-0.0778815746307373-0.06655216217041016-0.04558968544006348-0.038342952728271484-0.04330182075500488-0.026633501052856445-0.04156970977783203-0.00017595291137695312-0.022770404815673828-0.0034677982330322266-0.017203330993652344-0.016785621643066406-0.002701282501220703-0.018273115158081055-0.001895904541015625-0.05759572982788086-0.010556221008300781-0.03992271423339844-0.023233890533447266-0.006000518798828125-0.016103267669677734-0.03638815879821777-0.04647517204284668-0.03036785125732422-0.03208136558532715-0.028982162475585938-0.05573225021362305-0.014436483383178711-0.03330230712890625-0.0036199092864990234-0.02128887176513672-0.03584647178649902-0.03664994239807129-0.004553079605102539-0.028998136520385742-0.007474422454833984-0.011837959289550781-0.014449834823608398-0.003450155258178711,
1,100,5.62,0.094,0.043,0.023899078369140625-0.011559724807739258-0.03995537757873535-0.07656073570251465-0.054547786712646484-0.02872157096862793-0.016827821731567383-0.008995771408081055-0.058921098709106445-0.09573817253112793-0.0037336349487304688-0.04201245307922363-0.02620983123779297-0.040271759033203125-0.10367202758789062-0.0533139705657959-0.056650400161743164-0.03529238700866699-0.061629533767700195-0.06125688552856445-0.007314205169677734-0.010689258575439453-0.04849743843078613-0.013738870620727539-0.00017905235290527344-0.038860321044921875-0.08073306083679199-0.1226797103881836-0.07141518592834473-0.06067180633544922-0.05877947807312012-0.07521915435791016-0.048995018005371094-0.04531574249267578-0.027605533599853516-0.030653715133666992-0.0012726783752441406-0.029550552368164062-0.06829428672790527-0.011021614074707031-0.07955074310302734-0.0003714561462402344-0.10545611381530762-0.02026057243347168-0.024007320404052734-0.05070757865905762-0.033341169357299805-0.0435490608215332-0.08220744132995605-0.046225547790527344-0.09919905662536621-0.0008025169372558594-0.040040016174316406-0.06970095634460449-0.07654213905334473-0.04008221626281738-0.02952265739440918-0.15668988227844238-0.11105084419250488-0.09210634231567383-0.0782771110534668-0.09816789627075195-0.0946805477142334-0.08452200889587402-0.04557371139526367-0.07800531387329102-0.03070068359375-0.04628705978393555-0.0001735687255859375-0.026890039443969727-0.006430387496948242-0.017349958419799805-0.01645040512084961-0.004209756851196289-0.018976688385009766-0.002819061279296875-0.05877804756164551-0.010549068450927734-0.04151582717895508-0.023244142532348633-0.006937742233276367-0.02387070655822754-0.05338025093078613-0.054878950119018555-0.0318455696105957-0.06371855735778809-0.03855609893798828-0.08401608467102051-0.018741130828857422-0.036020517349243164-0.0042018890380859375-0.023725271224975586-0.03683924674987793-0.039049625396728516-0.005102396011352539-0.04337024688720703-0.010549783706665039-0.012756586074829102-0.014986753463745117-0.00578761100769043,
1,150,5.55,0.093,0.061,0.03175687789916992-0.012582778930664062-0.0648493766784668-0.10102486610412598-0.05543661117553711-0.030902624130249023-0.021648168563842773-0.0089263916015625-0.06348776817321777-0.09974861145019531-0.004015445709228516-0.05053377151489258-0.026777267456054688-0.04666566848754883-0.26325440406799316-0.062082529067993164-0.0796513557434082-0.03884625434875488-0.10916328430175781-0.06404662132263184-0.007335186004638672-0.013136625289916992-0.07468295097351074-0.014863729476928711-0.0001888275146484375-0.04072165489196777-0.0891580581665039-0.35929131507873535-0.08266949653625488-0.0726158618927002-0.12436652183532715-0.14400863647460938-0.0745234489440918-0.05518937110900879-0.03232407569885254-0.03554797172546387-0.001256704330444336-0.04438662528991699-0.12100672721862793-0.012378215789794922-0.14581751823425293-0.00037789344787597656-0.1307053565979004-0.02667403221130371-0.03237032890319824-0.07374143600463867-0.04120779037475586-0.048619985580444336-0.03440237045288086-0.04714226722717285-0.1196753978729248-0.0009438991546630859-0.041919708251953125-0.10159015655517578-0.14027190208435059-0.04014325141906738-0.03032088279724121-0.17331767082214355-0.16159486770629883-0.21775293350219727-0.13025879859924316-0.11511826515197754-0.1421358585357666-0.11301183700561523-0.054525136947631836-0.13881373405456543-0.035312652587890625-0.0537562370300293-0.00017142295837402344-0.03278803825378418-0.008877038955688477-0.01695561408996582-0.016902923583984375-0.0057621002197265625-0.01991891860961914-0.003919124603271484-0.059942007064819336-0.010392189025878906-0.0438838005065918-0.024159908294677734-0.007861852645874023-0.03261899948120117-0.07074856758117676-0.06680798530578613-0.03245210647583008-0.12340259552001953-0.03902268409729004-0.13407015800476074-0.02417612075805664-0.040109872817993164-0.0048296451568603516-0.024750709533691406-0.038794517517089844-0.03954362869262695-0.005677938461303711-0.058220863342285156-0.015074729919433594-0.013918399810791016-0.015889644622802734-0.008012771606445312,
1,200,5.58,0.094,0.083,0.02465200424194336-0.011507034301757812-0.09170246124267578-0.13031435012817383-0.05739712715148926-0.03268623352050781-0.026816844940185547-0.008931875228881836-0.06366181373596191-0.10550093650817871-0.0042955875396728516-0.06104302406311035-0.02664804458618164-0.05440711975097656-0.5992655754089355-0.0633995532989502-0.10340046882629395-0.04262375831604004-0.15151429176330566-0.0669701099395752-0.007344245910644531-0.01643967628479004-0.10443925857543945-0.014897346496582031-0.00017762184143066406-0.03963947296142578-0.09195852279663086-0.8254265785217285-0.08775043487548828-0.07757902145385742-0.2369527816772461-0.2498023509979248-0.10262346267700195-0.05977225303649902-0.03329801559448242-0.039133548736572266-0.0012502670288085938-0.060219764709472656-0.18813753128051758-0.012844324111938477-0.1941368579864502-0.0003838539123535156-0.15088891983032227-0.03364753723144531-0.0418546199798584-0.09209799766540527-0.04751181602478027-0.0545351505279541-0.036017417907714844-0.04757380485534668-0.1339130401611328-0.0008034706115722656-0.04184579849243164-0.12703704833984375-0.2413651943206787-0.04122781753540039-0.03217172622680664-0.17382240295410156-0.19162726402282715-0.3225677013397217-0.19914031028747559-0.13397622108459473-0.20732450485229492-0.14014768600463867-0.06359195709228516-0.23823809623718262-0.03946828842163086-0.05973696708679199-0.00017189979553222656-0.03839230537414551-0.008826017379760742-0.01687908172607422-0.017199993133544922-0.00609278678894043-0.020737171173095703-0.003976106643676758-0.0626685619354248-0.010526657104492188-0.047686100006103516-0.024478435516357422-0.008414268493652344-0.04095768928527832-0.028608083724975586-0.07486581802368164-0.032675981521606445-0.22222065925598145-0.03906059265136719-0.20867180824279785-0.027476787567138672-0.041564226150512695-0.0052301883697509766-0.023945331573486328-0.03780245780944824-0.03913283348083496-0.006245613098144531-0.06569933891296387-0.019654512405395508-0.015226125717163086-0.016537904739379883-0.010240554809570312,
1,250,5.62,0.094,0.114,0.025485515594482422-0.01258540153503418-0.1040794849395752-0.13047552108764648-0.056561946868896484-0.03187441825866699-0.031658172607421875-0.009000778198242188-0.06327009201049805-0.11331820487976074-0.004335880279541016-0.07190608978271484-0.02694559097290039-0.06276440620422363-1.162268877029419-0.06199240684509277-0.12981152534484863-0.04789447784423828-0.18795084953308105-0.07169580459594727-0.0073223114013671875-0.019086599349975586-0.11747980117797852-0.015290260314941406-0.0001800060272216797-0.04033970832824707-0.09852123260498047-1.810126543045044-0.09496235847473145-0.08583855628967285-0.41606616973876953-0.4204673767089844-0.1356196403503418-0.0651395320892334-0.03503704071044922-0.041585445404052734-0.0012390613555908203-0.0734856128692627-0.2501349449157715-0.013339757919311523-0.23914766311645508-0.0003695487976074219-0.1734626293182373-0.033942222595214844-0.05282735824584961-0.11263012886047363-0.054801225662231445-0.057051658630371094-0.037438392639160156-0.04929709434509277-0.146226167678833-0.0008006095886230469-0.04067516326904297-0.16200661659240723-0.3857576847076416-0.04180002212524414-0.03219199180603027-0.17197155952453613-0.22460436820983887-0.42421746253967285-0.2965571880340576-0.14920401573181152-0.24969196319580078-0.13745355606079102-0.07010722160339355-0.3629295825958252-0.044592857360839844-0.06902527809143066-0.0001773834228515625-0.044678688049316406-0.00884389877319336-0.017047405242919922-0.01701498031616211-0.006034135818481445-0.021651029586791992-0.003940105438232422-0.06211209297180176-0.010430097579956055-0.04805421829223633-0.02355790138244629-0.009131669998168945-0.05051875114440918-0.03046894073486328-0.08317232131958008-0.033304452896118164-0.3069164752960205-0.03894662857055664-0.26807594299316406-0.031943321228027344-0.03857922554016113-0.005975008010864258-0.02441120147705078-0.038234710693359375-0.03914022445678711-0.0073130130767822266-0.07451367378234863-0.024083852767944336-0.01637864112854004-0.017426490783691406-0.01065683364868164,
1,300,5.62,0.094,0.147,0.030498981475830078-0.015506505966186523-0.10893678665161133-0.13153076171875-0.05736112594604492-0.03206968307495117-0.03709721565246582-0.00898599624633789-0.06353569030761719-0.11828851699829102-0.004503011703491211-0.08338427543640137-0.02769184112548828-0.07104969024658203-1.7243881225585938-0.06333756446838379-0.15883088111877441-0.05267000198364258-0.213914155960083-0.07170844078063965-0.007286548614501953-0.022039413452148438-0.11813187599182129-0.015927553176879883-0.000179290771484375-0.04100966453552246-0.10527348518371582-2.9676766395568848-0.10419559478759766-0.09565424919128418-0.687744140625-0.5776166915893555-0.17197012901306152-0.0734105110168457-0.03916478157043457-0.044255733489990234-0.0012469291687011719-0.08961606025695801-0.31050777435302734-0.014612436294555664-0.287822961807251-0.00037598609924316406-0.19842028617858887-0.03400921821594238-0.06463408470153809-0.13504338264465332-0.06372213363647461-0.059012413024902344-0.03838038444519043-0.04831695556640625-0.16674566268920898-0.0008070468902587891-0.04109930992126465-0.20479702949523926-0.6244096755981445-0.0409245491027832-0.03267478942871094-0.17342495918273926-0.2622702121734619-0.4658985137939453-0.35420894622802734-0.16849708557128906-0.29461169242858887-0.13997697830200195-0.08050894737243652-0.47936058044433594-0.04855990409851074-0.07507991790771484-0.00017523765563964844-0.050090789794921875-0.00905466079711914-0.017231464385986328-0.017729520797729492-0.006012678146362305-0.02292656898498535-0.003951311111450195-0.0638115406036377-0.010488748550415039-0.05209660530090332-0.0239713191986084-0.009858131408691406-0.060462236404418945-0.033164262771606445-0.09384393692016602-0.03455018997192383-0.3792297840118408-0.03952312469482422-0.32094264030456543-0.035715341567993164-0.040522098541259766-0.006378173828125-0.024653911590576172-0.03926968574523926-0.0401155948638916-0.007487297058105469-0.08005571365356445-0.027543306350708008-0.016811609268188477-0.01721930503845215-0.010372400283813477,
1,400,5.58,0.094,0.214,0.025338411331176758-0.012181282043457031-0.10291862487792969-0.13250255584716797-0.04004812240600586-0.033330440521240234-0.03972005844116211-0.008966684341430664-0.06379818916320801-0.133331298828125-0.0043506622314453125-0.10259580612182617-0.027371644973754883-0.08548498153686523-2.872382640838623-0.06286025047302246-0.2243645191192627-0.06048417091369629-0.22587895393371582-0.07673096656799316-0.007260799407958984-0.02676081657409668-0.11722946166992188-0.016980886459350586-0.0001876354217529297-0.04211759567260742-0.11828804016113281-5.205097436904907-0.12073898315429688-0.11058354377746582-1.5690903663635254-0.8440649509429932-0.25359201431274414-0.08551192283630371-0.04485893249511719-0.04413557052612305-0.0012531280517578125-0.09184503555297852-0.39042210578918457-0.016119718551635742-0.38364577293395996-0.0003879070281982422-0.23601651191711426-0.0339350700378418-0.09205460548400879-0.18246865272521973-0.0778200626373291-0.05856680870056152-0.041611671447753906-0.05167889595031738-0.1990833282470703-0.0008068084716796875-0.04240608215332031-0.29020047187805176-1.1585445404052734-0.04049181938171387-0.0332028865814209-0.17188620567321777-0.33144474029541016-0.4681568145751953-0.44941282272338867-0.20541906356811523-0.3496112823486328-0.13812494277954102-0.10065603256225586-0.7262828350067139-0.0555112361907959-0.08961129188537598-0.0001728534698486328-0.06476235389709473-0.008922815322875977-0.017204999923706055-0.01758575439453125-0.006134748458862305-0.02475285530090332-0.0040018558502197266-0.06537437438964844-0.010600566864013672-0.05575966835021973-0.0239713191986084-0.011371612548828125-0.08075451850891113-0.038450002670288086-0.11234641075134277-0.0372316837310791-0.5233666896820068-0.039319515228271484-0.4309215545654297-0.04572486877441406-0.04295682907104492-0.006802797317504883-0.024131298065185547-0.0400240421295166-0.03954935073852539-0.008640766143798828-0.09393048286437988-0.03562164306640625-0.017968177795410156-0.017833232879638672-0.010159730911254883,
1,500,5.64,0.095,0.308,0.024994850158691406-0.011986017227172852-0.10316014289855957-0.13190746307373047-0.04036259651184082-0.033310890197753906-0.040354013442993164-0.008876562118530273-0.06350970268249512-0.14134860038757324-0.00460052490234375-0.021262407302856445-0.0277559757232666-0.07934713363647461-4.650471925735474-0.06270742416381836-0.29753828048706055-0.06806182861328125-0.22321176528930664-0.0797581672668457-0.007410287857055664-0.02653026580810547-0.11730051040649414-0.017832517623901367-0.0001823902130126953-0.04294466972351074-0.12958359718322754-8.644795894622803-0.13947176933288574-0.1289079189300537-3.1480743885040283-1.1469945907592773-0.34607505798339844-0.09989643096923828-0.0530247688293457-0.04535555839538574-0.0012502670288085938-0.09308505058288574-0.5031626224517822-0.017551422119140625-0.5069825649261475-0.00037169456481933594-0.2940952777862549-0.03417158126831055-0.12328696250915527-0.23684000968933105-0.09395718574523926-0.05998849868774414-0.043929338455200195-0.05258369445800781-0.2361905574798584-0.0008082389831542969-0.04152321815490723-0.3978872299194336-1.6299340724945068-0.04122352600097656-0.03498101234436035-0.17351412773132324-0.40940332412719727-0.4747886657714844-0.5661566257476807-0.247697114944458-0.36049628257751465-0.14052820205688477-0.12367367744445801-1.0298726558685303-0.06316709518432617-0.1088566780090332-0.0001728534698486328-0.06703567504882812-0.009277820587158203-0.017030000686645508-0.017518043518066406-0.006227254867553711-0.025969982147216797-0.004086017608642578-0.07080912590026855-0.010812759399414062-0.062097787857055664-0.025100231170654297-0.013270378112792969-0.10854578018188477-0.04511833190917969-0.13384413719177246-0.03807330131530762-0.7389345169067383-0.03983044624328613-0.537017822265625-0.05579042434692383-0.04510140419006348-0.0072138309478759766-0.024305343627929688-0.04138040542602539-0.039443254470825195-0.009947538375854492-0.11364388465881348-0.04577279090881348-0.019991159439086914-0.01924872398376465-0.010218620300292969,
2,5,5.28,0.089,0.203,0.025294780731201172-0.01249837875366211-0.44068145751953125-0.176039457321167-0.1250159740447998-0.08312368392944336-0.08614325523376465-0.49045491218566895-0.4015085697174072-0.10553717613220215-0.0056416988372802734-0.10188579559326172-0.15470266342163086-0.03395509719848633-0.13003826141357422-0.5127756595611572-0.27812623977661133-0.3426632881164551-0.19211697578430176-0.06516098976135254-0.6040687561035156-0.015903472900390625-0.4469635486602783-0.1785411834716797-0.0001914501190185547-0.08485221862792969-0.15948081016540527-0.15208101272583008-0.40208888053894043-0.28051304817199707-0.08927726745605469-0.07932758331298828-0.42461657524108887-0.08440423011779785-0.02614450454711914-0.1735372543334961-0.42154979705810547-0.3041973114013672-0.6743226051330566-0.13292598724365234-0.057183265686035156-0.0003693103790283203-0.4815096855163574-0.5080008506774902-0.2214488983154297-0.28539252281188965-0.04211068153381348-0.3374490737915039-0.06859874725341797-0.05603909492492676-0.12108278274536133-0.32523036003112793-0.27729296684265137-0.15392732620239258-0.07720351219177246-0.4447135925292969-0.07814574241638184-0.22144579887390137-0.13468146324157715-0.20316553115844727-0.24398136138916016-0.10945796966552734-0.06597757339477539-0.07452845573425293-0.27484798431396484-0.19686484336853027-0.20080780982971191-0.8057818412780762-0.005205869674682617-0.12746953964233398-0.11713361740112305-0.3717045783996582-0.018451690673828125-0.05103421211242676-0.23525738716125488-0.2444307804107666-0.09637165069580078-0.23757481575012207-0.09008240699768066-0.024402856826782227-0.10544538497924805-0.1032261848449707-0.3311173915863037-0.49318814277648926-0.03826117515563965-0.06481409072875977-0.11480593681335449-0.09046363830566406-0.5820283889770508-0.2336864471435547-0.01800370216369629-0.23714470863342285-0.13764286041259766-0.2976083755493164-0.1395578384399414-0.6383247375488281-0.13691258430480957-0.0310971736907959-0.10651540756225586-0.2322998046875,
2,6,5.36,0.09,0.266,0.025342464447021484-0.012357473373413086-0.5710272789001465-0.2593505382537842-0.15526342391967773-0.09579062461853027-0.14937472343444824-0.7498772144317627-0.6495742797851562-0.10791683197021484-0.006351470947265625-0.1228322982788086-0.18524169921875-0.04243302345275879-0.15195631980895996-0.7051928043365479-0.38008713722229004-0.4286611080169678-0.2252652645111084-0.06635928153991699-0.814197301864624-0.023135662078857422-0.5878052711486816-0.18606162071228027-0.0001971721649169922-0.09380793571472168-0.17372655868530273-0.23212456703186035-0.5064952373504639-0.3283967971801758-0.12937164306640625-0.10154581069946289-0.5401482582092285-0.09074282646179199-0.02883625030517578-0.20513319969177246-0.49743127822875977-0.411360502243042-0.9602880477905273-0.15662312507629395-0.06765031814575195-0.000370025634765625-0.6267478466033936-0.742224931716919-0.2684793472290039-0.38817930221557617-0.06700730323791504-0.40189051628112793-0.07415652275085449-0.05767107009887695-0.11209487915039062-0.3364243507385254-0.4724748134613037-0.30811119079589844-0.08996844291687012-0.6042826175689697-0.08514189720153809-0.32039952278137207-0.14998412132263184-0.3246500492095947-0.40967249870300293-0.16918635368347168-0.07008910179138184-0.08097720146179199-0.45943737030029297-0.27013063430786133-0.2602577209472656-0.9686830043792725-0.005205631256103516-0.1420605182647705-0.13771700859069824-0.5127630233764648-0.017499446868896484-0.05260443687438965-0.2768526077270508-0.27813124656677246-0.09908080101013184-0.34708666801452637-0.11843514442443848-0.02464580535888672-0.12711143493652344-0.14056825637817383-0.46469736099243164-0.6342387199401855-0.039868831634521484-0.0724802017211914-0.20354557037353516-0.09401297569274902-0.829498291015625-0.26383495330810547-0.018680810928344727-0.3180544376373291-0.1583247184753418-0.3702359199523926-0.1667041778564453-0.7460536956787109-0.16536211967468262-0.034365177154541016-0.11624956130981445-0.2648787498474121,
2,7,5.45,0.091,0.326,0.025517940521240234-0.012511253356933594-0.7586934566497803-0.31176066398620605-0.16879749298095703-0.09737253189086914-0.16579771041870117-0.8774604797363281-0.9790887832641602-0.11331319808959961-0.006900787353515625-0.13610315322875977-0.2146599292755127-0.07816457748413086-0.20585918426513672-0.8442184925079346-0.4959845542907715-0.7600312232971191-0.27585530281066895-0.0755457878112793-1.028109073638916-0.029715538024902344-0.7228116989135742-0.19434642791748047-0.0001888275146484375-0.1034083366394043-0.19126462936401367-0.3180723190307617-0.6344635486602783-0.45685362815856934-0.14808177947998047-0.3148927688598633-0.6383769512176514-0.09732842445373535-0.030090808868408203-0.2661254405975342-0.5707087516784668-0.5613512992858887-1.4044232368469238-0.18571686744689941-0.07953333854675293-0.0003681182861328125-0.7404646873474121-1.0031859874725342-0.29608821868896484-0.48398828506469727-0.08481931686401367-0.4583003520965576-0.07629632949829102-0.05718684196472168-0.1153407096862793-0.32396745681762695-0.5279722213745117-0.382007360458374-0.09175705909729004-0.702355146408081-0.08617854118347168-0.3747289180755615-0.1617436408996582-0.474747896194458-0.4134650230407715-0.1796555519104004-0.07233238220214844-0.1446824073791504-0.5371861457824707-0.34204673767089844-0.30316853523254395-1.1767823696136475-0.005072116851806641-0.13955068588256836-0.16468358039855957-0.6155610084533691-0.016243457794189453-0.05929136276245117-0.2960972785949707-0.2975199222564697-0.11390089988708496-0.40273141860961914-0.1306924819946289-0.02321791648864746-0.1281440258026123-0.1483919620513916-0.5239717960357666-0.7679157257080078-0.041532039642333984-0.07472681999206543-0.39342832565307617-0.09205508232116699-0.911088228225708-0.27242326736450195-0.019184112548828125-0.3970930576324463-0.15607690811157227-0.5603387355804443-0.17610597610473633-0.8388452529907227-0.1984543800354004-0.04142570495605469-0.1206824779510498-0.3060309886932373,
2,8,5.58,0.093,0.405,0.024262666702270508-0.011637210845947266-0.8799407482147217-0.49645209312438965-0.21204257011413574-0.10069608688354492-0.17385601997375488-1.0575919151306152-1.241403341293335-0.11222338676452637-0.014588356018066406-0.13953375816345215-0.21976375579833984-0.08000564575195312-0.23258090019226074-0.8261265754699707-0.5987148284912109-0.8116321563720703-0.30530691146850586-0.07372760772705078-1.2199513912200928-0.034861087799072266-0.7441501617431641-0.19510531425476074-0.0001819133758544922-0.10696578025817871-0.3859384059906006-0.40553832054138184-0.9461183547973633-0.5506525039672852-0.15753865242004395-0.33489418029785156-0.7491319179534912-0.09658050537109375-0.036344051361083984-0.3288698196411133-0.6278359889984131-0.6450362205505371-1.6544647216796875-0.20211148262023926-0.08250927925109863-0.00035953521728515625-0.7781095504760742-1.2562429904937744-0.36242198944091797-0.613835334777832-0.24447107315063477-0.5738582611083984-0.07603836059570312-0.06031346321105957-0.12889957427978516-0.3493227958679199-0.7937624454498291-0.4367802143096924-0.1054074764251709-0.8774635791778564-0.09559988975524902-0.7160120010375977-0.17681241035461426-0.6241171360015869-0.6055245399475098-0.2038435935974121-0.07580828666687012-0.22705411911010742-0.7705929279327393-0.38637232780456543-0.3544948101043701-1.477358341217041-0.0051593780517578125-0.15463471412658691-0.38147878646850586-0.7273411750793457-0.016405820846557617-0.06925129890441895-0.3712491989135742-0.33600378036499023-0.12490272521972656-0.5598785877227783-0.1513669490814209-0.024077892303466797-0.1451253890991211-0.19208550453186035-0.7026855945587158-1.0270171165466309-0.045778751373291016-0.09545278549194336-0.4915931224822998-0.10470175743103027-1.069328784942627-0.32884788513183594-0.021790504455566406-0.4907877445220947-0.1714482307434082-0.7050209045410156-0.21392059326171875-1.4752154350280762-0.23604106903076172-0.049957275390625-0.1414029598236084-0.3549013137817383,
2,9,5.64,0.094,0.495,0.026247262954711914-0.012198925018310547-1.139486312866211-0.6424334049224854-0.2387552261352539-0.10647082328796387-0.22339344024658203-1.3200743198394775-1.6129419803619385-0.11531400680541992-0.015702247619628906-0.15724873542785645-0.2464125156402588-0.09752702713012695-0.3177778720855713-1.0277409553527832-0.9243242740631104-0.9198000431060791-0.3980231285095215-0.08246445655822754-1.4772796630859375-0.04270792007446289-0.9668753147125244-0.20443367958068848-0.00018286705017089844-0.11373686790466309-0.5264225006103516-0.5168321132659912-1.2074921131134033-0.628960132598877-0.23286151885986328-0.38434720039367676-0.9439480304718018-0.10663104057312012-0.040540218353271484-0.38406991958618164-0.7360656261444092-0.8714404106140137-2.0604395866394043-0.22916960716247559-0.09749531745910645-0.00035858154296875-0.8999290466308594-1.5270841121673584-0.4911665916442871-0.7452099323272705-0.4417295455932617-0.7899165153503418-0.08386373519897461-0.06180548667907715-0.1361992359161377-0.4438505172729492-0.9816837310791016-0.5090701580047607-0.13833069801330566-1.0287494659423828-0.1029205322265625-0.9034309387207031-0.1922140121459961-0.711284875869751-0.6909277439117432-0.2282724380493164-0.08413314819335938-0.2621119022369385-0.8452010154724121-0.4344773292541504-0.3858609199523926-1.9707767963409424-0.0052187442779541016-0.1687178611755371-0.46946215629577637-1.0189933776855469-0.017403602600097656-0.07070136070251465-0.44832849502563477-0.3753039836883545-0.12411117553710938-0.7297112941741943-0.18887734413146973-0.02394723892211914-0.17670035362243652-0.21285319328308105-0.7863502502441406-1.2155873775482178-0.04716038703918457-0.10351300239562988-0.5488266944885254-0.10644197463989258-1.1632294654846191-0.3609304428100586-0.02173137664794922-0.6390233039855957-0.23108863830566406-0.7927021980285645-0.23377203941345215-1.7476537227630615-0.30208396911621094-0.06154680252075195-0.1932830810546875-0.39002490043640137,
2,10,5.69,0.095,0.602,0.025112152099609375-0.011923551559448242-1.3372838497161865-0.9604322910308838-0.26116418838500977-0.1241617202758789-0.31552767753601074-1.5345220565795898-1.8650641441345215-0.1229255199432373-0.01906275749206543-0.21697735786437988-0.2807800769805908-0.10987067222595215-0.4525604248046875-1.4017794132232666-1.2761883735656738-1.2193143367767334-0.4568796157836914-0.09788894653320312-1.8990263938903809-0.11178708076477051-1.2132158279418945-0.21834874153137207-0.0001850128173828125-0.12652921676635742-0.5713372230529785-0.5926923751831055-1.5502026081085205-0.7639644145965576-0.2589609622955322-0.43787693977355957-1.2367522716522217-0.11087536811828613-0.04340696334838867-0.42946434020996094-0.8434126377105713-1.0066094398498535-2.6120121479034424-0.2604176998138428-0.11585474014282227-0.00036025047302246094-1.1052076816558838-1.751248836517334-0.6872701644897461-1.1644940376281738-0.48801136016845703-0.8580806255340576-0.08984208106994629-0.06304645538330078-0.13632845878601074-0.4739964008331299-1.1581649780273438-0.5217278003692627-0.15424633026123047-1.3836891651153564-0.10739755630493164-1.2836737632751465-0.2056255340576172-0.8115522861480713-0.751305103302002-0.23983192443847656-0.09198403358459473-0.3326687812805176-0.9933257102966309-0.4761185646057129-0.4808676242828369-2.3770227432250977-0.0052874088287353516-0.18026471138000488-0.5081014633178711-1.1973133087158203-0.01666402816772461-0.07421541213989258-0.14906787872314453-0.405078649520874-0.12528729438781738-0.8373932838439941-0.22278857231140137-0.02414560317993164-0.1887366771697998-0.2412586212158203-0.9052400588989258-1.600682020187378-0.05043625831604004-0.1115119457244873-0.6281528472900391-0.11303138732910156-1.2821478843688965-0.39395833015441895-0.022496700286865234-0.7596070766448975-0.25638675689697266-0.9725372791290283-0.25571632385253906-2.68279767036438-0.5610527992248535-0.06798410415649414-0.2102217674255371-0.424349308013916,
2,11,5.78,0.096,0.737,0.02510237693786621-0.012178897857666016-1.5486531257629395-1.046881914138794-0.2676212787628174-0.15482330322265625-0.3390920162200928-1.2617371082305908-2.1791744232177734-0.13132429122924805-0.04032087326049805-0.2494792938232422-0.3034205436706543-0.12111949920654297-0.5171151161193848-1.7364635467529297-1.5296084880828857-1.4121038913726807-0.5719115734100342-0.1030113697052002-2.394648313522339-0.4901566505432129-1.4278552532196045-0.22977638244628906-0.00018930435180664062-0.1402418613433838-0.674473762512207-0.7442827224731445-1.743631362915039-1.105656623840332-0.30216455459594727-0.48677873611450195-1.4434728622436523-0.12130069732666016-0.04723405838012695-0.5414230823516846-0.9465100765228271-1.146941900253296-3.4988749027252197-0.2951180934906006-0.1325669288635254-0.00038242340087890625-1.2539310455322266-1.9882214069366455-1.0430412292480469-1.3354997634887695-0.7668652534484863-1.130613088607788-0.1054539680480957-0.06903338432312012-0.15354514122009277-0.5168116092681885-1.581336498260498-0.6566779613494873-0.33101367950439453-1.8427035808563232-0.12490463256835938-1.5931711196899414-0.2359633445739746-1.0499911308288574-0.8902871608734131-0.28029370307922363-0.10097527503967285-0.39861488342285156-1.2455120086669922-0.5665252208709717-0.574420690536499-2.894644260406494-0.0056476593017578125-0.2312631607055664-0.5973098278045654-1.5572667121887207-0.017936229705810547-0.07950997352600098-0.1790769100189209-0.4844944477081299-0.13797616958618164-1.1046772003173828-0.2462306022644043-0.024948596954345703-0.20846843719482422-0.29382848739624023-1.018578052520752-2.0895726680755615-0.055909156799316406-0.13175582885742188-0.7998464107513428-0.12789607048034668-1.4637415409088135-0.46842336654663086-0.031919002532958984-1.0143694877624512-0.2800295352935791-1.1691009998321533-0.3017137050628662-3.86690092086792-0.7150421142578125-0.08052396774291992-0.2334122657775879-0.5119326114654541,
2,12,5.74,0.096,0.863,0.02603435516357422-0.012741327285766602-1.9691174030303955-1.3832426071166992-0.3419516086578369-0.17915558815002441-0.4308128356933594-1.4654347896575928-2.6767799854278564-0.14350271224975586-0.05025815963745117-0.2943003177642822-0.3505070209503174-0.14049363136291504-0.6198394298553467-2.0990524291992188-1.90120530128479-1.7555890083312988-0.6671028137207031-0.11386370658874512-3.0997540950775146-0.5858063697814941-1.8059499263763428-0.25742244720458984-0.0001933574676513672-0.16136813163757324-0.9282321929931641-0.970057487487793-2.447509527206421-1.2955117225646973-0.34143877029418945-0.5516829490661621-1.9884555339813232-0.13528037071228027-0.053208112716674805-0.9260256290435791-1.0748519897460938-1.549274206161499-1.7395131587982178-0.33992934226989746-0.4056062698364258-0.0003795623779296875-1.4307703971862793-2.317248821258545-1.3804552555084229-1.5389978885650635-1.1357264518737793-1.4989838600158691-0.11997628211975098-0.07359933853149414-0.164992094039917-0.5513198375701904-1.8807799816131592-0.870248556137085-0.40054941177368164-2.3320517539978027-0.1392056941986084-1.8987445831298828-0.2666912078857422-1.3078391551971436-1.2969651222229004-0.31496548652648926-0.11063528060913086-0.4618039131164551-1.383671760559082-0.5753200054168701-0.5631928443908691-3.2909581661224365-0.005527019500732422-0.28744935989379883-0.6083357334136963-1.7256190776824951-0.016636371612548828-0.08236837387084961-0.17960309982299805-0.5370450019836426-0.13994741439819336-1.261690616607666-0.2805755138397217-0.023691654205322266-0.2277693748474121-0.3028249740600586-1.01529860496521-2.2988216876983643-0.0568842887878418-0.13594794273376465-0.9277973175048828-0.13112807273864746-1.5306360721588135-0.48250865936279297-0.04152250289916992-1.2692506313323975-0.3320748805999756-1.331230878829956-0.31092286109924316-4.549272537231445-0.7403662204742432-0.08630037307739258-0.257840633392334-0.5504229068756104,
3,1,2.54,0.042,0.059,0.025016307830810547-0.012191295623779297-0.03240323066711426-0.05357861518859863-0.07138562202453613-0.16047167778015137-0.07341456413269043-0.1080176830291748-0.0320887565612793-0.11165881156921387-0.02414107322692871-0.10524702072143555-0.054335832595825195-0.06954479217529297-0.031118392944335938-0.1162118911743164-0.04811453819274902-0.057646989822387695-0.03749895095825195-0.07454109191894531-0.000423431396484375-0.00941610336303711-0.013856172561645508-0.10586905479431152-0.00019311904907226562-0.05643510818481445-0.08140969276428223-0.024810075759887695-0.1168069839477539-0.10126614570617676-0.05515694618225098-0.05754446983337402-0.031108856201171875-0.05716729164123535-0.03640103340148926-0.0573880672454834-0.03514552116394043-0.0274808406829834-0.05290579795837402-0.059560298919677734-0.03660941123962402-0.0003616809844970703-0.22397446632385254-0.014830589294433594-0.0437932014465332-0.0489504337310791-0.04865312576293945-0.08660531044006348-0.08699202537536621-0.0895073413848877-0.1265554428100586-0.0022535324096679688-0.07240700721740723-0.08060574531555176-0.07443928718566895-0.01590561866760254-0.053284406661987305-0.013365030288696289-0.20238614082336426-0.029693603515625-0.06972312927246094-0.0781862735748291-0.1373903751373291-0.06671953201293945-0.06730413436889648-0.07738780975341797-0.07626628875732422-0.06302142143249512-0.005045175552368164-0.04909825325012207-0.010667800903320312-0.024021148681640625-0.017180442810058594-0.03667593002319336-0.0671384334564209-0.06716179847717285-0.16222596168518066-0.02635788917541504-0.07146835327148438-0.02386927604675293-0.04160189628601074-0.020416736602783203-0.06331110000610352-0.09239053726196289-0.04095864295959473-0.03599905967712402-0.025666475296020508-0.06938695907592773-0.07884669303894043-0.08218240737915039-0.023328065872192383-0.037737131118774414-0.0615239143371582-0.09008026123046875-0.07004141807556152-0.06894493103027344-0.0643620491027832-0.04088330268859863-0.048018693923950195-0.015127420425415039,
3,2,4.27,0.071,0.184,0.02539992332458496-0.012352705001831055-0.07184362411499023-0.2618706226348877-0.13587164878845215-0.5068831443786621-0.42505455017089844-0.3037140369415283-0.0812525749206543-0.15917754173278809-0.1948988437652588-0.22978878021240234-0.0848381519317627-0.34494662284851074-0.16853785514831543-0.20417213439941406-0.14909052848815918-0.24320602416992188-0.08690333366394043-0.18826699256896973-0.07579517364501953-0.22114324569702148-0.09711432456970215-0.16070032119750977-0.0001811981201171875-0.09898090362548828-0.12164020538330078-0.08043909072875977-0.30361318588256836-0.2428147792816162-0.5599160194396973-0.10035395622253418-0.19929981231689453-0.05754280090332031-0.13418316841125488-0.07078790664672852-0.1526801586151123-0.10927772521972656-0.22116661071777344-0.10825753211975098-0.10675263404846191-0.0003654956817626953-0.3050198554992676-0.08935856819152832-0.1722090244293213-0.12451720237731934-0.28641748428344727-0.08826446533203125-0.3438854217529297-0.222456693649292-0.23337602615356445-0.01772308349609375-0.12203526496887207-0.26993560791015625-0.23105311393737793-0.08091521263122559-0.09819602966308594-0.040079355239868164-0.41072869300842285-0.16806340217590332-0.19611597061157227-0.10085225105285645-0.4121897220611572-0.060246944427490234-0.14725017547607422-0.2551839351654053-0.30222320556640625-0.37209606170654297-0.005193233489990234-0.35239148139953613-0.06816840171813965-0.06551742553710938-0.017188310623168945-0.08165240287780762-0.3264424800872803-0.23012948036193848-0.35637569427490234-0.11665058135986328-0.432755708694458-0.024073362350463867-0.43565821647644043-0.06016874313354492-0.31584620475769043-0.3656134605407715-0.15320181846618652-0.06677484512329102-0.07032036781311035-0.13526487350463867-0.2926487922668457-0.3575303554534912-0.09029459953308105-0.06728315353393555-0.21660542488098145-0.10413622856140137-0.14202141761779785-0.32921504974365234-0.26083946228027344-0.20082998275756836-0.2677016258239746-0.11800646781921387,
3,3,5.18,0.087,0.526,0.025616884231567383-0.012431621551513672-0.2045297622680664-1.0870211124420166-0.3399524688720703-1.1037194728851318-0.48972463607788086-0.6752352714538574-0.18602633476257324-0.27371740341186523-0.4907565116882324-0.7361531257629395-0.12446188926696777-0.9717922210693359-0.26447272300720215-0.3671529293060303-0.5913231372833252-0.7485084533691406-0.26993227005004883-0.3302175998687744-0.44010233879089355-1.044025182723999-0.26894450187683105-0.450592041015625-0.00018715858459472656-0.15659427642822266-0.4632072448730469-0.257993221282959-0.835268497467041-0.49240970611572266-1.768524408340454-0.24356579780578613-0.9333789348602295-0.058989524841308594-0.4583413600921631-0.3304166793823242-0.39783573150634766-0.28490209579467773-0.5835487842559814-0.34912896156311035-0.22780466079711914-0.0003752708435058594-0.47387218475341797-0.34398961067199707-0.4795393943786621-0.6265034675598145-1.4084112644195557-0.15307235717773438-1.033296823501587-0.4914093017578125-1.0481386184692383-0.36342930793762207-0.2246084213256836-0.7931933403015137-0.8711464405059814-0.18201160430908203-0.15983152389526367-0.12722325325012207-0.8083498477935791-0.8708186149597168-0.4173309803009033-0.166412353515625-1.5994575023651123-0.17816638946533203-0.27666521072387695-0.6005985736846924-1.1862902641296387-1.1235673427581787-0.005532741546630859-1.432281255722046-0.2087535858154297-0.2502758502960205-0.017657756805419922-0.2386934757232666-1.0013384819030762-0.5522172451019287-0.6120259761810303-0.301166296005249-1.3193800449371338-0.02399301528930664-1.2259070873260498-0.3520083427429199-0.8904860019683838-0.8318576812744141-0.8699309825897217-0.13620448112487793-0.2060549259185791-0.4806027412414551-0.6264221668243408-1.0565731525421143-0.07307171821594238-0.15897011756896973-0.6806316375732422-0.191148042678833-0.24135613441467285-1.006131649017334-0.926424503326416-0.6676840782165527-0.40764570236206055-0.2789900302886963,
3,4,5.52,0.092,1.16,0.025831222534179688-0.012124300003051758-0.4339480400085449-2.5144786834716797-1.0106728076934814-1.9915366172790527-1.831817626953125-1.5913517475128174-0.5432171821594238-0.5563638210296631-0.9724917411804199-1.0793962478637695-0.25040340423583984-2.413872718811035-0.7728638648986816-0.6743156909942627-1.7588675022125244-1.8989357948303223-0.7430605888366699-0.6812918186187744-0.964714765548706-1.7654693126678467-0.6044011116027832-0.7363638877868652-0.0001888275146484375-0.41539430618286133-1.6260557174682617-0.5161805152893066-1.640388011932373-1.3032660484313965-3.672335386276245-0.7745966911315918-2.8136003017425537-0.060797929763793945-0.76625657081604-0.6935348510742188-0.7645020484924316-0.9145143032073975-1.1244158744812012-0.7250974178314209-0.4873926639556885-0.0003552436828613281-0.687873125076294-0.6465449333190918-0.9501907825469971-1.116882562637329-2.9336671829223633-0.2739899158477783-1.9860212802886963-0.9253156185150146-2.7624595165252686-0.7762570381164551-0.5358443260192871-1.9115016460418701-1.660688877105713-0.4045701026916504-0.3485591411590576-0.29431700706481934-1.6214306354522705-3.0193700790405273-0.932126522064209-1.0481417179107666-2.0330581665039062-0.20976924896240234-0.5864601135253906-1.057384967803955-2.9939701557159424-2.711845874786377-0.005703926086425781-2.563981056213379-0.37137508392333984-0.4922757148742676-0.016295671463012695-0.17827630043029785-1.9092977046966553-0.7560563087463379-1.0623605251312256-0.6122050285339355-3.3288636207580566-0.023247957229614258-2.737858295440674-0.6794309616088867-2.9284887313842773-1.7649469375610352-1.3728907108306885-0.5094058513641357-0.44856858253479004-1.3252851963043213-1.2412946224212646-2.8890247344970703-0.1286003589630127-0.37317490577697754-1.2897210121154785-0.32875776290893555-0.3665602207183838-2.6828184127807617-1.7346715927124023-1.8164665699005127-0.553257942199707-1.0008583068847656,
4,1,2.56,0.043,0.067,0.02473163604736328-0.011530637741088867-0.03522205352783203-0.07544398307800293-0.09253883361816406-0.16976022720336914-0.07207417488098145-0.12397527694702148-0.04004549980163574-0.10952973365783691-0.025846004486083984-0.10095500946044922-0.07465624809265137-0.09466171264648438-0.029650211334228516-0.11050558090209961-0.05540657043457031-0.07402753829956055-0.04256439208984375-0.07664179801940918-0.0004146099090576172-0.010263919830322266-0.017243385314941406-0.1081998348236084-0.00017952919006347656-0.05681347846984863-0.0782628059387207-0.026976823806762695-0.11274003982543945-0.09876370429992676-0.11251091957092285-0.05914020538330078-0.03937101364135742-0.05510544776916504-0.036002159118652344-0.06306886672973633-0.04249262809753418-0.027472972869873047-0.09134054183959961-0.058115243911743164-0.03602457046508789-0.00036025047302246094-0.12995076179504395-0.024520397186279297-0.0903778076171875-0.046883583068847656-0.062226295471191406-0.08360481262207031-0.08953690528869629-0.08705472946166992-0.12307405471801758-0.002247333526611328-0.06879210472106934-0.09491133689880371-0.13537335395812988-0.015938997268676758-0.05393648147583008-0.013379096984863281-0.23102307319641113-0.04181647300720215-0.06756901741027832-0.07486176490783691-0.13570952415466309-0.06434059143066406-0.06478691101074219-0.08123350143432617-0.09076523780822754-0.09564018249511719-0.02768564224243164-0.054753780364990234-0.029418230056762695-0.030497312545776367-0.016348600387573242-0.03554034233093262-0.06550717353820801-0.10267996788024902-0.17537760734558105-0.02514171600341797-0.0916745662689209-0.023195505142211914-0.05669689178466797-0.0195009708404541-0.1255965232849121-0.13877606391906738-0.03920173645019531-0.03836989402770996-0.04439377784729004-0.0769500732421875-0.0854489803314209-0.09085369110107422-0.022410154342651367-0.04331064224243164-0.07075119018554688-0.09484529495239258-0.07425498962402344-0.06755280494689941-0.06228804588317871-0.050932884216308594-0.10193824768066406-0.03881239891052246,
4,2,4.53,0.076,0.542,0.02423405647277832-0.011494874954223633-0.2693026065826416-0.6471643447875977-0.709834098815918-0.8263094425201416-0.5872852802276611-1.0818371772766113-0.5988235473632812-0.3071601390838623-0.3162879943847656-0.36144328117370605-0.7071373462677002-0.6192419528961182-0.3090322017669678-0.19999217987060547-0.7494778633117676-0.6744112968444824-0.2807598114013672-0.2953777313232422-0.5771336555480957-0.3823575973510742-0.49189019203186035-0.7029740810394287-0.00018405914306640625-0.27541112899780273-0.19257879257202148-0.4647190570831299-0.7490897178649902-0.46735382080078125-1.8276708126068115-0.39395928382873535-1.280003547668457-0.05810403823852539-0.16976666450500488-0.24843931198120117-0.3581554889678955-0.8358790874481201-1.4605250358581543-0.24525046348571777-0.11633825302124023-0.0003657341003417969-0.554675817489624-0.7661938667297363-0.8962137699127197-0.3706369400024414-0.5306904315948486-0.20252299308776855-1.005323886871338-0.44638752937316895-0.5753152370452881-0.017835140228271484-0.2694411277770996-0.744300365447998-0.8207981586456299-0.43528294563293457-0.1242227554321289-0.2340869903564453-1.8272955417633057-0.5137767791748047-0.2263648509979248-0.10281777381896973-0.5028848648071289-0.10829591751098633-0.35167741775512695-0.5387959480285645-0.6879281997680664-1.3524858951568604-0.05541706085205078-0.8646235466003418-0.5380706787109375-0.6377360820770264-0.017177104949951172-0.2064056396484375-0.8121423721313477-1.1760077476501465-0.5135483741760254-0.4678010940551758-1.3084959983825684-0.023975610733032227-1.2059032917022705-0.27384519577026367-1.8081812858581543-1.2025647163391113-0.24482464790344238-0.11957502365112305-0.273822546005249-0.39864444732666016-1.0606179237365723-0.6544160842895508-0.14012670516967773-0.2193927764892578-0.4767467975616455-0.4804689884185791-0.1823594570159912-1.0317180156707764-0.432938814163208-0.6022346019744873-0.719667911529541-1.0187914371490479,
