1,30,4.97,0.078,0.004,0.000978231430053711-0.0025992393493652344-0.0034546852111816406-0.005254983901977539-0.0018367767333984375-0.0022416114807128906-0.0013184547424316406-0.003478527069091797-0.002841949462890625-0.003160715103149414-0.0056688785552978516-0.005030393600463867-0.007954835891723633-0.002205371856689453-0.0035126209259033203-0.0034971237182617188-0.006304025650024414-0.0036153793334960938-0.006775856018066406-0.0037856101989746094-0.0017452239990234375-0.006844997406005859-0.0024874210357666016-0.0016121864318847656-0.010858774185180664-0.002364635467529297-0.0019199848175048828-0.0027344226837158203-0.003283977508544922-0.007128000259399414-0.0028083324432373047-0.004295825958251953-0.004328489303588867-0.004429817199707031-0.0034301280975341797-0.0036013126373291016-0.0061511993408203125-0.0032405853271484375-0.0036356449127197266-0.0015146732330322266-0.0050427913665771484-0.0025856494903564453-0.0039713382720947266-0.003412961959838867-0.0038061141967773438-0.001401662826538086-0.00042748451232910156-0.0028874874114990234-0.0031499862670898438-0.0034782886505126953-0.008196830749511719-4.267692565917969e-05-0.007251262664794922-0.0012679100036621094-0.008721113204956055-0.0023365020751953125-0.003857851028442383-0.00511932373046875-0.0017147064208984375-0.0022704601287841797-0.0037665367126464844-0.002733945846557617-0.0015413761138916016-0.0036988258361816406-0.006780862808227539-0.0020227432250976562-0.002958536148071289-0.008192777633666992-0.005975961685180664-0.0031003952026367188-0.0018198490142822266-0.005746126174926758-0.0023615360260009766-0.0020067691802978516-0.002854585647583008-0.003110170364379883-0.0027997493743896484-0.002568960189819336-0.0020024776458740234-0.0019299983978271484-0.001617431640625-0.004639625549316406-0.0023283958435058594-0.007498502731323242-0.005165576934814453-0.0027549266815185547-0.003543376922607422-0.0018434524536132812-0.0021049976348876953-0.0022687911987304688-0.0005609989166259766-0.003079652786254883-0.0070035457611083984-0.001859903335571289-0.0015916824340820312-0.002535581588745117-0.0026323795318603516-0.003139972686767578-0.0026748180389404297-0.0018024444580078125,
1,40,5.01,0.078,0.004,0.0009274482727050781-0.0028989315032958984-0.0037839412689208984-0.006150722503662109-0.002035379409790039-0.0026209354400634766-0.0013303756713867188-0.0038857460021972656-0.003118753433227539-0.0034706592559814453-0.006448268890380859-0.005814075469970703-0.010250329971313477-0.0025708675384521484-0.003475189208984375-0.003798246383666992-0.00896310806274414-0.004328012466430664-0.0074787139892578125-0.003958702087402344-0.001972675323486328-0.009655237197875977-0.002913951873779297-0.0018575191497802734-0.012308597564697266-0.002369403839111328-0.0021975040435791016-0.0030820369720458984-0.0035758018493652344-0.009396553039550781-0.0032989978790283203-0.005002260208129883-0.005370140075683594-0.005213022232055664-0.0037317276000976562-0.004042148590087891-0.006733894348144531-0.0036575794219970703-0.0043277740478515625-0.0015277862548828125-0.006076335906982422-0.003189563751220703-0.0048313140869140625-0.0038099288940429688-0.004097938537597656-0.0014345645904541016-0.0004253387451171875-0.0031135082244873047-0.003435850143432617-0.004055500030517578-0.009504318237304688-4.2438507080078125e-05-0.010278463363647461-0.001459360122680664-0.01053619384765625-0.002572774887084961-0.0046443939208984375-0.005833864212036133-0.001895904541015625-0.002622842788696289-0.004221200942993164-0.0029327869415283203-0.0016040802001953125-0.004128694534301758-0.007518291473388672-0.0023157596588134766-0.0031113624572753906-0.009115934371948242-0.00675654411315918-0.0034818649291992188-0.0022232532501220703-0.0067899227142333984-0.0032269954681396484-0.0024161338806152344-0.003266572952270508-0.0030210018157958984-0.003122568130493164-0.002888917922973633-0.002275228500366211-0.0021851062774658203-0.0016863346099853516-0.005415916442871094-0.0023741722106933594-0.009076595306396484-0.006539344787597656-0.0030603408813476562-0.003968715667724609-0.001847982406616211-0.002353668212890625-0.0025115013122558594-0.0005748271942138672-0.0036537647247314453-0.008581399917602539-0.0021681785583496094-0.001584768295288086-0.0029435157775878906-0.0030934810638427734-0.003522157669067383-0.002946615219116211-0.0020232200622558594,
1,50,5.13,0.08,0.005,0.0009572505950927734-0.003263235092163086-0.004191160202026367-0.007343769073486328-0.0022335052490234375-0.0030040740966796875-0.0013294219970703125-0.004004716873168945-0.003423452377319336-0.0036389827728271484-0.0055730342864990234-0.006323337554931641-0.011294841766357422-0.0030355453491210938-0.003487110137939453-0.0038483142852783203-0.010071754455566406-0.004945516586303711-0.008380413055419922-0.004245758056640625-0.0022084712982177734-0.013356447219848633-0.0033571720123291016-0.0021576881408691406-0.01349639892578125-0.00238037109375-0.0024518966674804688-0.0035872459411621094-0.003943920135498047-0.011214494705200195-0.003853321075439453-0.005663156509399414-0.0058879852294921875-0.006095170974731445-0.003977060317993164-0.004477977752685547-0.008134126663208008-0.0040776729583740234-0.0050640106201171875-0.0015795230865478516-0.006872892379760742-0.003848552703857422-0.005615234375-0.004101276397705078-0.004198789596557617-0.0014438629150390625-0.00042700767517089844-0.003353595733642578-0.0036802291870117188-0.00463104248046875-0.010952949523925781-4.267692565917969e-05-0.0122528076171875-0.0016169548034667969-0.012162923812866211-0.002859830856323242-0.005540132522583008-0.006437063217163086-0.0021779537200927734-0.002877473831176758-0.004731893539428711-0.0031371116638183594-0.0016312599182128906-0.004567384719848633-0.008135318756103516-0.0026047229766845703-0.0032737255096435547-0.010029077529907227-0.007489919662475586-0.003795146942138672-0.0025873184204101562-0.0065653324127197266-0.0031969547271728516-0.002613544464111328-0.0034072399139404297-0.0031282901763916016-0.003348827362060547-0.0030558109283447266-0.0024461746215820312-0.002348184585571289-0.0016665458679199219-0.0059163570404052734-0.0023467540740966797-0.010126352310180664-0.007538318634033203-0.003053426742553711-0.0042917728424072266-0.0018389225006103516-0.0025572776794433594-0.0025272369384765625-0.0005626678466796875-0.0040874481201171875-0.010310888290405273-0.0023920536041259766-0.0016181468963623047-0.003330707550048828-0.003555774688720703-0.0038776397705078125-0.0030946731567382812-0.002220630645751953,
1,60,5.14,0.08,0.005,0.0009372234344482422-0.003620147705078125-0.004518985748291016-0.00832223892211914-0.0023686885833740234-0.0033168792724609375-0.0013070106506347656-0.003851652145385742-0.003582477569580078-0.0038328170776367188-0.006237506866455078-0.006684541702270508-0.01144099235534668-0.0034530162811279297-0.0034661293029785156-0.003753662109375-0.010228395462036133-0.005427122116088867-0.008924722671508789-0.0043239593505859375-0.002210378646850586-0.017371416091918945-0.003690004348754883-0.0023233890533447266-0.012328386306762695-0.0023615360260009766-0.0024385452270507812-0.0038881301879882812-0.0042836666107177734-0.01287841796875-0.004281044006347656-0.006469249725341797-0.005938529968261719-0.006840229034423828-0.004269838333129883-0.0047931671142578125-0.009024620056152344-0.0045812129974365234-0.005446434020996094-0.00156402587890625-0.007454872131347656-0.004328012466430664-0.006089210510253906-0.004604816436767578-0.0042552947998046875-0.0014469623565673828-0.00042819976806640625-0.003499269485473633-0.003734588623046875-0.005786418914794922-0.012379169464111328-4.267692565917969e-05-0.013931751251220703-0.0018184185028076172-0.013462066650390625-0.003117084503173828-0.006483554840087891-0.007220029830932617-0.002378225326538086-0.0031118392944335938-0.005228757858276367-0.003228425979614258-0.0015773773193359375-0.005053997039794922-0.008777618408203125-0.0028553009033203125-0.0034568309783935547-0.01087498664855957-0.008205890655517578-0.004053831100463867-0.002619504928588867-0.006643056869506836-0.003680706024169922-0.0029125213623046875-0.003660440444946289-0.00330352783203125-0.0035600662231445312-0.0033791065216064453-0.0024597644805908203-0.0026192665100097656-0.0016467571258544922-0.0066034793853759766-0.002338409423828125-0.011170625686645508-0.008593559265136719-0.0030117034912109375-0.004639863967895508-0.0018432140350341797-0.003098726272583008-0.0026924610137939453-0.0005812644958496094-0.004732608795166016-0.012184381484985352-0.002817392349243164-0.0016090869903564453-0.0038042068481445312-0.0041615962982177734-0.004370212554931641-0.003410816192626953-0.0023109912872314453,
2,20,8.63,0.129,0.254,0.08110928535461426-0.20085573196411133-0.09537053108215332-0.425067663192749-0.10842609405517578-0.27051806449890137-0.13454651832580566-0.26804375648498535-0.17415380477905273-0.22011876106262207-0.3177618980407715-0.39034008979797363-0.6385259628295898-0.20773100852966309-0.2940385341644287-0.41835713386535645-0.47440457344055176-0.3271059989929199-0.31705689430236816-0.2905263900756836-0.18870306015014648-0.26756787300109863-0.2106170654296875-0.10937190055847168-0.22696924209594727-0.26743149757385254-0.13432574272155762-0.23229289054870605-0.21035122871398926-0.5380959510803223-0.24943089485168457-0.2277843952178955-0.28547072410583496-0.39016246795654297-0.1925966739654541-0.1967320442199707-0.5332274436950684-0.23404431343078613-0.11943483352661133-0.148284912109375-0.5247657299041748-0.27793002128601074-0.36936068534851074-0.21640944480895996-0.3657968044281006-0.1599724292755127-0.047158241271972656-0.13514947891235352-0.27587056159973145-0.30469346046447754-0.7684676647186279-4.601478576660156e-05-0.41588521003723145-0.08726811408996582-0.47531843185424805-0.1695842742919922-0.26333117485046387-0.24422645568847656-0.15858173370361328-0.12320280075073242-0.12508392333984375-0.2659597396850586-0.1380617618560791-0.23682498931884766-0.4180634021759033-0.211411714553833-0.29921841621398926-0.6095705032348633-0.42249560356140137-0.17210865020751953-0.20091485977172852-0.23358821868896484-0.20168352127075195-0.19336462020874023-0.19202661514282227-0.282881498336792-0.21073555946350098-0.14199066162109375-0.1978442668914795-0.13196539878845215-0.10943865776062012-0.34632301330566406-0.12599849700927734-0.6109013557434082-0.4983806610107422-0.2075333595275879-0.1449265480041504-0.14084148406982422-0.14592671394348145-0.20829272270202637-0.0732431411743164-0.22036027908325195-0.32927727699279785-0.17057299613952637-0.23666048049926758-0.18773221969604492-0.2250957489013672-0.26151251792907715-0.1368558406829834-0.09471535682678223,
2,25,8.66,0.13,0.358,0.1098473072052002-0.2892289161682129-0.12815427780151367-0.5844860076904297-0.16583895683288574-0.36293482780456543-0.1799464225769043-0.359560489654541-0.23339343070983887-0.3220667839050293-0.409954309463501-0.5660943984985352-0.9658775329589844-0.27672481536865234-0.38273096084594727-0.5796554088592529-0.9348006248474121-0.4268221855163574-0.4576547145843506-0.4728100299835205-0.2652411460876465-0.3614826202392578-0.33401989936828613-0.15288543701171875-0.30800557136535645-0.31182265281677246-0.17960524559020996-0.3509998321533203-0.27471351623535156-0.8742465972900391-0.3524746894836426-0.30872154235839844-0.47415971755981445-0.5479683876037598-0.24328351020812988-0.2930917739868164-0.7986495494842529-0.3505542278289795-0.13416337966918945-0.1839160919189453-0.722637414932251-0.3808870315551758-0.5201184749603271-0.28472423553466797-0.485659122467041-0.20614171028137207-0.061988115310668945-0.1668224334716797-0.3340187072753906-0.45591115951538086-1.0375709533691406-4.601478576660156e-05-0.6939389705657959-0.13233256340026855-0.8037974834442139-0.21987581253051758-0.4681434631347656-0.3280315399169922-0.22005581855773926-0.18181991577148438-0.16475534439086914-0.3045361042022705-0.1727604866027832-0.31786274909973145-0.5559983253479004-0.2898116111755371-0.39449405670166016-0.8380680084228516-0.5873210430145264-0.23012566566467285-0.3060951232910156-0.3319120407104492-0.283430814743042-0.285876989364624-0.2705526351928711-0.32050299644470215-0.2793304920196533-0.18623614311218262-0.2695648670196533-0.18651723861694336-0.13203668594360352-0.49120163917541504-0.15026140213012695-0.8889672756195068-0.7381319999694824-0.3035407066345215-0.19546055793762207-0.17119073867797852-0.2045435905456543-0.27965426445007324-0.0853891372680664-0.31701159477233887-0.46578240394592285-0.23189926147460938-0.28845858573913574-0.26978540420532227-0.2949519157409668-0.38834691047668457-0.17321109771728516-0.10950279235839844,
2,30,8.67,0.13,0.464,0.11203861236572266-0.37302231788635254-0.1712050437927246-0.7423202991485596-0.23147368431091309-0.46727705001831055-0.21097517013549805-0.44568490982055664-0.2747020721435547-0.4328627586364746-0.5464956760406494-0.6985342502593994-1.2960796356201172-0.3576481342315674-0.4398057460784912-0.739243745803833-1.291635513305664-0.5823924541473389-0.6006829738616943-0.6505012512207031-0.32946252822875977-0.42440128326416016-0.4464409351348877-0.1849832534790039-0.37111353874206543-0.3512094020843506-0.22585749626159668-0.5345301628112793-0.33847761154174805-1.270463228225708-0.4480884075164795-0.37131452560424805-0.6120882034301758-0.6493222713470459-0.30876970291137695-0.40691685676574707-1.03550124168396-0.44808340072631836-0.14548635482788086-0.2058875560760498-0.8785479068756104-0.4816272258758545-0.6601965427398682-0.3106563091278076-0.609473705291748-0.23186445236206055-0.07955384254455566-0.21367335319519043-0.38245677947998047-0.6068499088287354-1.3811225891113281-4.744529724121094e-05-1.0647423267364502-0.17326116561889648-1.1769187450408936-0.28286147117614746-0.5858163833618164-0.4107646942138672-0.26237940788269043-0.24512505531311035-0.21907973289489746-0.33513975143432617-0.22479033470153809-0.412294864654541-0.7051150798797607-0.41704392433166504-0.49799656867980957-1.19793701171875-0.7840321063995361-0.2770876884460449-0.4107542037963867-0.44948554039001465-0.35999441146850586-0.36232686042785645-0.3683016300201416-0.3741304874420166-0.37354421615600586-0.2521378993988037-0.34252095222473145-0.24624371528625488-0.15404558181762695-0.640554666519165-0.17282438278198242-1.0938067436218262-0.9815559387207031-0.40029287338256836-0.2438342571258545-0.2006545066833496-0.27092981338500977-0.36299967765808105-0.10077714920043945-0.4049820899963379-0.6180145740509033-0.3391385078430176-0.3327212333679199-0.3261401653289795-0.4190959930419922-0.5477390289306641-0.22415614128112793-0.12003850936889648,
2,31,8.67,0.13,0.496,0.11261701583862305-0.3944087028503418-0.17634129524230957-0.7941889762878418-0.24089288711547852-0.4870870113372804-0.21709895133972168-0.48124051094055176-0.30150294303894043-0.4738924503326416-0.6228015422821045-0.7448086738586426-1.4322235584259033-0.38982582092285156-0.45489025115966797-0.7604730129241943-1.408818244934082-0.6283586025238037-0.6077296733856201-0.6920514106750488-0.35415220260620117-0.44265294075012207-0.4887235164642334-0.19324541091918945-0.40166449546813965-0.3612329959869385-0.231964111328125-0.5729715824127197-0.36189770698547363-1.4609079360961914-0.4912891387939453-0.3839073181152344-0.6679248809814453-0.6777462959289551-0.35690903663635254-0.42534446716308594-1.1180498600006104-0.48747754096984863-0.14972710609436035-0.21338558197021484-0.9683105945587158-0.5184788703918457-0.6849002838134766-0.32535648345947266-0.6368649005889893-0.2399735450744629-0.08261966705322266-0.22138595581054688-0.39737629890441895-0.6528034210205078-1.3934504985809326-5.245208740234375e-05-1.2355401515960693-0.18555045127868652-1.280191421508789-0.30637311935424805-0.6723911762237549-0.44036173820495605-0.28564882278442383-0.2796640396118164-0.22728180885314941-0.3443574905395508-0.2410902976989746-0.4889106750488281-0.7494328022003174-0.44871068000793457-0.527177095413208-1.2844960689544678-0.8524665832519531-0.2949512004852295-0.4366166591644287-0.47215700149536133-0.3955392837524414-0.3994140625-0.3662278652191162-0.39183712005615234-0.3873434066772461-0.2740509510040283-0.3672482967376709-0.26652050018310547-0.15845870971679688-0.6750590801239014-0.17859482765197754-1.1328082084655762-1.044785976409912-0.4164154529571533-0.2704174518585205-0.19133949279785156-0.2932701110839844-0.3873765468597412-0.10400962829589844-0.4361002445220947-0.6657443046569824-0.3593752384185791-0.3438866138458252-0.32791566848754883-0.42316508293151855-0.6005818843841553-0.22942709922790527-0.1230764389038086,
2,32,8.69,0.13,0.518,0.11613655090332031-0.40675806999206543-0.18703389167785645-0.8616313934326172-0.25441622734069824-0.5229194164276123-0.223588228225708-0.5034193992614746-0.31034135818481445-0.4988734722137451-0.6433320045471191-0.7735400199890137-1.5233609676361084-0.40123915672302246-0.4596102237701416-0.782573938369751-1.4818506240844727-0.6482608318328857-0.6334316730499268-0.7006871700286865-0.36534643173217773-0.4561443328857422-0.5125033855438232-0.19966983795166016-0.4237959384918213-0.37030720710754395-0.23851776123046875-0.5930502414703369-0.37037110328674316-1.6545581817626953-0.5137491226196289-0.3948044776916504-0.7029175758361816-0.7202675342559814-0.36361026763916016-0.44684672355651855-1.1985070705413818-0.5040309429168701-0.15215063095092773-0.21816706657409668-1.0319104194641113-0.5347208976745605-0.6944174766540527-0.32923221588134766-0.6558806896209717-0.24563384056091309-0.08412957191467285-0.22310805320739746-0.407304048538208-0.6692006587982178-1.451592206954956-5.030632019042969e-05-1.2682645320892334-0.1963825225830078-1.31772780418396-0.3107471466064453-0.7128243446350098-0.46353793144226074-0.29909276962280273-0.29517483711242676-0.23304486274719238-0.35105371475219727-0.24638676643371582-0.5328054428100586-0.7888877391815186-0.4829745292663574-0.5575449466705322-1.3885729312896729-0.8879103660583496-0.303574800491333-0.45865416526794434-0.500516414642334-0.4208223819732666-0.41507768630981445-0.3904585838317871-0.282059907913208-0.4040794372558594-0.28307127952575684-0.3798997402191162-0.27376222610473633-0.16494035720825195-0.7249903678894043-0.17922401428222656-1.1447405815124512-1.0858399868011475-0.43927454948425293-0.2758917808532715-0.19662690162658691-0.3060150146484375-0.40690183639526367-0.10861039161682129-0.456312894821167-0.6951680183410645-0.3877687454223633-0.34905529022216797-0.34142589569091797-0.4580545425415039-0.62357497215271-0.23493361473083496-0.1261286735534668,
2,33,8.69,0.13,0.542,0.11526036262512207-0.4301788806915283-0.19319558143615723-0.8914840221405029-0.2679612636566162-0.5372138023376465-0.2239069938659668-0.5192484855651855-0.31915974617004395-0.5124890804290771-0.6613056659698486-0.8059651851654053-1.5936386585235596-0.42704200744628906-0.47307610511779785-0.8177709579467773-1.6160979270935059-0.6748685836791992-0.6511201858520508-0.7233717441558838-0.38574957847595215-0.4653656482696533-0.5409481525421143-0.2093195915222168-0.44087719917297363-0.38080358505249023-0.2510960102081299-0.6314165592193604-0.38179445266723633-1.8087778091430664-0.5360021591186523-0.4073023796081543-0.7532916069030762-0.7809960842132568-0.38419604301452637-0.4691007137298584-1.2412035465240479-0.5427517890930176-0.1544036865234375-0.2231464385986328-1.0929677486419678-0.5603842735290527-0.7436277866363525-0.337064266204834-0.6771285533905029-0.2527499198913574-0.08858418464660645-0.23228240013122559-0.4209301471710205-0.6914806365966797-1.5350587368011475-5.1021575927734375e-05-1.3597893714904785-0.20493602752685547-1.3985285758972168-0.32228803634643555-0.7255058288574219-0.4667990207672119-0.32187390327453613-0.3165762424468994-0.2523927688598633-0.35886240005493164-0.24950909614562988-0.5689587593078613-0.805854082107544-0.4952728748321533-0.5748803615570068-1.4576447010040283-0.9171199798583984-0.3160831928253174-0.47356367111206055-0.5196549892425537-0.4531118869781494-0.4413418769836426-0.4054272174835205-0.2881283760070801-0.42008113861083984-0.2943129539489746-0.38890528678894043-0.28540515899658203-0.16598081588745117-0.7648487091064453-0.18229174613952637-1.2245664596557617-1.132760763168335-0.4509878158569336-0.2826669216156006-0.19812536239624023-0.3099532127380371-0.43181633949279785-0.1114044189453125-0.4674112796783447-0.7259535789489746-0.4102466106414795-0.35479235649108887-0.3515796661376953-0.479459285736084-0.6543684005737305-0.23700332641601562-0.12749385833740234,
2,34,8.69,0.13,0.567,0.11619949340820312-0.4420938491821289-0.20283055305480957-0.9299681186676025-0.27861833572387695-0.5771312713623047-0.23112249374389648-0.5370028018951416-0.3278956413269043-0.5192656517028809-0.7036826610565186-0.8238272666931152-1.6685712337493896-0.4432072639465332-0.48502230644226074-0.850064754486084-1.6990225315093994-0.7042202949523926-0.6957943439483643-0.7524957656860352-0.3997023105621338-0.47913646697998047-0.5701937675476074-0.21671628952026367-0.4633045196533203-0.38806724548339844-0.26709532737731934-0.6629853248596191-0.4033980369567871-1.873467206954956-0.5565476417541504-0.4315474033355713-0.7834737300872803-0.8231830596923828-0.401827335357666-0.49393391609191895-1.2775602340698242-0.5613598823547363-0.15736150741577148-0.22838997840881348-1.1322004795074463-0.6000628471374512-0.7632715702056885-0.34456348419189453-0.738105058670044-0.25806283950805664-0.09178900718688965-0.24210262298583984-0.4264397621154785-0.7468788623809814-1.6161308288574219-5.435943603515625e-05-1.438570499420166-0.2152695655822754-1.5084314346313477-0.3358337879180908-0.7751386165618896-0.4923686981201172-0.35385704040527344-0.3385286331176758-0.26232481002807617-0.36834001541137695-0.25257396697998047-0.5907068252563477-0.8175199031829834-0.5129032135009766-0.5960705280303955-1.5221302509307861-0.9791533946990967-0.32560014724731445-0.5019395351409912-0.5401313304901123-0.4759798049926758-0.464846134185791-0.42168140411376953-0.2946910858154297-0.4378392696380615-0.30004239082336426-0.4047563076019287-0.29373860359191895-0.16617703437805176-0.8121771812438965-0.18536615371704102-1.3148345947265625-1.1854746341705322-0.46797990798950195-0.30097436904907227-0.1995525360107422-0.31342625617980957-0.4507272243499756-0.11330246925354004-0.48122668266296387-0.7669153213500977-0.439725399017334-0.36037206649780273-0.3774735927581787-0.49785947799682617-0.6888561248779297-0.2444925308227539-0.1294689178466797,
2,35,8.63,0.129,0.593,0.11725902557373047-0.4517853260040283-0.20697855949401855-0.9455685615539551-0.32032012939453125-0.6087243556976318-0.23001694679260254-0.548332929611206-0.335582971572876-0.5328545570373535-0.7317700386047363-0.8600623607635498-1.8119275569915771-0.45888495445251465-0.5054583549499512-0.8995809555053711-1.7818820476531982-0.7394101619720459-0.781052827835083-0.794539213180542-0.42471742630004883-0.4939544200897217-0.6105668544769287-0.23626923561096191-0.4772822856903076-0.40123796463012695-0.27192211151123047-0.7112174034118652-0.4075334072113037-1.9725120067596436-0.580712080001831-0.46736788749694824-0.8085691928863525-0.8592531681060791-0.4021875858306885-0.5138189792633057-1.300494909286499-0.5922200679779053-0.16291117668151855-0.23601913452148438-1.2095534801483154-0.6275334358215332-0.797154426574707-0.3595447540283203-0.7912039756774902-0.270068883895874-0.09615564346313477-0.25239086151123047-0.4476456642150879-0.7983767986297607-1.739469051361084-4.9114227294921875e-05-1.6586101055145264-0.2307415008544922-1.5273516178131104-0.35170936584472656-0.7648794651031494-0.5167467594146729-0.34546804428100586-0.3392472267150879-0.27873921394348145-0.3820986747741699-0.2601604461669922-0.5510144233703613-0.8508319854736328-0.5422277450561523-0.6358706951141357-1.579883098602295-1.0186169147491455-0.3345811367034912-0.5207076072692871-0.5688252449035645-0.4533092975616455-0.473860502243042-0.4530298709869385-0.29959774017333984-0.46689915657043457-0.3221557140350342-0.42478394508361816-0.3181467056274414-0.16984343528747559-0.8411548137664795-0.1892099380493164-1.3302078247070312-1.2334048748016357-0.4829080104827881-0.3114125728607178-0.20609045028686523-0.32862424850463867-0.4834713935852051-0.11880016326904297-0.5136721134185791-0.7816817760467529-0.4547100067138672-0.36721181869506836-0.3986072540283203-0.5114181041717529-0.6943204402923584-0.26518678665161133-0.13183379173278809,
2,40,8.61,0.129,0.707,0.12631821632385254-0.5114693641662598-0.24027490615844727-1.1569077968597412-0.416961669921875-0.7456929683685303-0.25207996368408203-0.627255916595459-0.3973991870880127-0.5986027717590332-0.9158039093017578-0.9325752258300781-2.2233505249023438-0.5561912059783936-0.5557339191436768-1.011850357055664-2.1457529067993164-0.8876636028289795-0.9537956714630127-0.9025206565856934-0.5163977146148682-0.5586068630218506-0.7010679244995117-0.28754210472106934-0.5974025726318359-0.4371821880340576-0.32427167892456055-0.8344156742095947-0.49439191818237305-2.3498713970184326-0.7026958465576172-0.5389752388000488-0.9618649482727051-1.0138754844665527-0.5006499290466309-0.6220359802246094-1.5910439491271973-0.7396557331085205-0.17412590980529785-0.25415897369384766-1.3934943675994873-0.7705230712890625-0.9743521213531494-0.3939664363861084-0.8643522262573242-0.29557228088378906-0.1077430248260498-0.27585411071777344-0.4954218864440918-0.9070596694946289-2.0740511417388916-4.9591064453125e-05-2.2322089672088623-0.29300785064697266-1.9698681831359863-0.44166111946105957-0.9314782619476318-0.5900671482086182-0.4493584632873535-0.4016745090484619-0.3303263187408447-0.4057025909423828-0.28612852096557617-0.6696045398712158-0.9378035068511963-0.6623144149780273-0.7460720539093018-1.938931941986084-1.2667593955993652-0.384385347366333-0.6074950695037842-0.6860363483428955-0.5709805488586426-0.5758066177368164-0.5522236824035645-0.35228657722473145-0.571387767791748-0.3838353157043457-0.5140471458435059-0.3890066146850586-0.17660975456237793-1.0632421970367432-0.20104694366455078-1.5600802898406982-1.5259513854980469-0.5299291610717773-0.351778507232666-0.22096753120422363-0.39804792404174805-0.5894722938537598-0.13427472114562988-0.6264679431915283-0.906963586807251-0.5564100742340088-0.39422154426574707-0.4554915428161621-0.6431362628936768-0.919996976852417-0.30012989044189453-0.13969039916992188,
2,45,8.61,0.129,0.836,0.13078784942626953-0.5934922695159912-0.27161645889282227-1.4183521270751953-0.5327177047729492-0.9039902687072754-0.2593247890472412-0.67348313331604-0.4729950428009033-0.6412317752838135-1.1051864624023438-0.9998583793640137-2.6588165760040283-0.696923017501831-0.6190712451934814-1.0912232398986816-2.590566396713257-1.0464811325073242-1.1192290782928467-1.0072753429412842-0.6338145732879639-0.6458296775817871-0.8162870407104492-0.3441741466522217-0.7160639762878418-0.4811410903930664-0.3867061138153076-1.059291124343872-0.5556595325469971-2.9159698486328125-0.8282909393310547-0.6265332698822021-1.18377685546875-1.1537418365478516-0.6121208667755127-0.792802095413208-1.9854023456573486-0.9174840450286865-0.1842484474182129-0.27520155906677246-1.6401209831237793-0.9260013103485107-1.2040798664093018-0.43057894706726074-0.9540977478027344-0.32457518577575684-0.1168050765991211-0.3200666904449463-0.5494985580444336-1.097987413406372-2.504854202270508-4.673004150390625e-05-2.722625970840454-0.4000685214996338-2.4253015518188477-0.5609164237976074-1.131566047668457-0.6857645511627197-0.5318217277526855-0.4741551876068115-0.39058947563171387-0.43683624267578125-0.3058125972747803-0.7806432247161865-1.0230023860931396-0.743140697479248-0.8493790626525879-2.282336473464966-1.5531563758850098-0.42928385734558105-0.725400447845459-0.7533762454986572-0.6657719612121582-0.7277164459228516-0.6572473049163818-0.4028463363647461-0.6741774082183838-0.4391348361968994-0.6397781372070312-0.44652605056762695-0.18452882766723633-1.2354261875152588-0.21011972427368164-1.9063830375671387-1.804286003112793-0.577932596206665-0.3973217010498047-0.23881793022155762-0.4594597816467285-0.6869921684265137-0.1555037498474121-0.7986752986907959-1.0942535400390625-0.6469049453735352-0.4230618476867676-0.534442663192749-0.766686201095581-1.1013875007629395-0.3483848571777344-0.1495990753173828,
2,50,8.62,0.129,0.956,0.13306546211242676-0.6853389739990234-0.3084399700164795-1.6153388023376465-0.6327533721923828-1.1083106994628906-0.26624345779418945-0.72113037109375-0.5532422065734863-0.687218427658081-1.2877781391143799-1.0971043109893799-2.8924403190612793-0.8364260196685791-0.6801488399505615-1.1721510887145996-2.7965784072875977-1.2224273681640625-1.354142427444458-1.1156857013702393-0.7095348834991455-0.7214300632476807-0.9083147048950195-0.3935105800628662-0.8134927749633789-0.5241584777832031-0.4126157760620117-1.2018988132476807-0.6608529090881348-3.3567159175872803-0.9265687465667725-0.7288374900817871-1.2919940948486328-1.3643052577972412-0.7696583271026611-0.9087109565734863-2.315793037414551-1.1048223972320557-0.1943187713623047-0.2949800491333008-1.8859155178070068-1.128406286239624-1.3358354568481445-0.46042752265930176-1.0400288105010986-0.3547942638397217-0.1275341510772705-0.3490886688232422-0.5944423675537109-1.3422112464904785-2.9235970973968506-4.8160552978515625e-05-3.2331936359405518-0.4995241165161133-2.764295816421509-0.6365690231323242-1.3690555095672607-0.8207416534423828-0.638174295425415-0.5487370491027832-0.46353983879089355-0.4691050052642822-0.3342092037200928-0.958721399307251-1.1052896976470947-0.8671307563781738-0.9587423801422119-2.5589754581451416-1.7298319339752197-0.48602890968322754-0.8201227188110352-0.8207540512084961-0.791400671005249-0.8520979881286621-0.7539844512939453-0.45732879638671875-0.826655387878418-0.4883279800415039-0.7359843254089355-0.5349152088165283-0.19283461570739746-1.4107961654663086-0.21999907493591309-2.243035316467285-2.0807411670684814-0.6169934272766113-0.46833348274230957-0.25159144401550293-0.5284285545349121-0.7655258178710938-0.17899584770202637-0.9172461032867432-1.2380986213684082-0.7461624145507812-0.4574244022369385-0.6452162265777588-0.9159061908721924-1.3381729125976562-0.3884890079498291-0.16132545471191406,
3,1,1.68,0.026,0.003,0.0004994869232177734-0.002571582794189453-0.004572868347167969-0.0062596797943115234-0.001775979995727539-0.0013027191162109375-0.0005345344543457031-0.0048465728759765625-0.007717132568359375-0.002178192138671875-0.006592988967895508-0.002026081085205078-0.008324146270751953-0.003068208694458008-0.004092216491699219-0.001993894577026367-0.0030431747436523438-0.0018603801727294922-0.00797414779663086-0.0032525062561035156-0.002925395965576172-0.003847837448120117-0.003136873245239258-0.0013897418975830078-0.00920867919921875-0.0026237964630126953-0.0018837451934814453-0.0022153854370117188-0.002666473388671875-0.004252195358276367-0.005550384521484375-0.004297018051147461-0.0033524036407470703-0.0015914440155029297-0.004993438720703125-0.0043985843658447266-0.003175020217895508-0.006716489791870117-0.00426483154296875-0.0018842220306396484-0.0026695728302001953-0.001071929931640625-0.0021364688873291016-0.0018320083618164062-0.0053195953369140625-0.0017638206481933594-0.00046825408935546875-0.0019054412841796875-0.0032138824462890625-0.002706289291381836-0.004629373550415039-4.601478576660156e-05-0.00923299789428711-0.0014128684997558594-0.007570743560791016-0.002703428268432617-0.0021839141845703125-0.005500078201293945-0.003126859664916992-0.002533435821533203-0.0039730072021484375-0.003614187240600586-0.0011467933654785156-0.0038886070251464844-0.0047376155853271484-0.003560304641723633-0.004706621170043945-0.007223367691040039-0.006386995315551758-0.002170562744140625-0.0028219223022460938-0.003242015838623047-0.002214670181274414-0.0027768611907958984-0.0018842220306396484-0.0059854984283447266-0.0018496513366699219-0.0021703243255615234-0.0014066696166992188-0.0018091201782226562-0.003887653350830078-0.005216121673583984-0.0015554428100585938-0.004620790481567383-0.0027589797973632812-0.002074718475341797-0.004604339599609375-0.0016963481903076172-0.0035979747772216797-0.0029294490814208984-0.0005466938018798828-0.002092123031616211-0.0032362937927246094-0.001436471939086914-0.0013501644134521484-0.0029747486114501953-0.0017561912536621094-0.0028009414672851562-0.0026247501373291016-0.0013172626495361328,
3,2,5.81,0.088,0.015,0.0020453929901123047-0.0069675445556640625-0.014655590057373047-0.015149831771850586-0.00872182846069336-0.01217031478881836-0.0030481815338134766-0.025319337844848633-0.01993417739868164-0.01986217498779297-0.020284175872802734-0.016756057739257812-0.024876117706298828-0.018328428268432617-0.023067712783813477-0.0074923038482666016-0.011312723159790039-0.007361650466918945-0.016040802001953125-0.02141404151916504-0.019906282424926758-0.024669170379638672-0.01596379280090332-0.00902247428894043-0.023183584213256836-0.019248485565185547-0.011961698532104492-0.020843982696533203-0.012983083724975586-0.026958942413330078-0.018831729888916016-0.020323753356933594-0.008801698684692383-0.006052255630493164-0.019275903701782227-0.026974201202392578-0.013062238693237305-0.02181410789489746-0.023723363876342773-0.008949995040893555-0.014600992202758789-0.012157917022705078-0.013579607009887695-0.007081270217895508-0.02828669548034668-0.008719682693481445-0.006863117218017578-0.02216649055480957-0.01714801788330078-0.012221813201904297-0.020789384841918945-4.696846008300781e-05-0.01789402961730957-0.005838155746459961-0.018820524215698242-0.012134075164794922-0.009415149688720703-0.016634225845336914-0.012769937515258789-0.028969287872314453-0.02417612075805664-0.01895904541015625-0.0062351226806640625-0.016322612762451172-0.019902467727661133-0.008598089218139648-0.027581214904785156-0.029690265655517578-0.015107154846191406-0.012568235397338867-0.012254476547241211-0.020305633544921875-0.016600370407104492-0.017826557159423828-0.009538888931274414-0.02107858657836914-0.017668724060058594-0.0077610015869140625-0.020639896392822266-0.0074427127838134766-0.020163774490356445-0.015970945358276367-0.007211923599243164-0.013881206512451172-0.009808063507080078-0.009610176086425781-0.019933462142944336-0.019705772399902344-0.0156857967376709-0.018390893936157227-0.002330303192138672-0.0060939788818359375-0.009185791015625-0.00814056396484375-0.008810758590698242-0.010699748992919922-0.011667013168334961-0.01780080795288086-0.012892007827758789-0.009461402893066406,
3,3,7.9,0.12,0.061,0.017581462860107422-0.03626513481140137-0.04499983787536621-0.05885744094848633-0.05720710754394531-0.05255007743835449-0.0128631591796875-0.09955883026123047-0.10420799255371094-0.06499457359313965-0.04451799392700195-0.05500459671020508-0.11288928985595703-0.0769355297088623-0.06456398963928223-0.03455209732055664-0.05544137954711914-0.04872775077819824-0.06267309188842773-0.07642722129821777-0.08180618286132812-0.0942990779876709-0.061036109924316406-0.07023048400878906-0.06010770797729492-0.12358355522155762-0.043450117111206055-0.06309056282043457-0.04846692085266113-0.12502527236938477-0.07191801071166992-0.062163591384887695-0.03961682319641113-0.03678774833679199-0.056166887283325195-0.09223413467407227-0.059564828872680664-0.08446431159973145-0.0931861400604248-0.039514780044555664-0.06064128875732422-0.062375783920288086-0.06351065635681152-0.033106327056884766-0.13359832763671875-0.03026604652404785-0.02195453643798828-0.07117843627929688-0.0661306381225586-0.04739809036254883-0.08603835105895996-4.6253204345703125e-05-0.06103992462158203-0.022928476333618164-0.08577561378479004-0.04575657844543457-0.042211294174194336-0.08019447326660156-0.049582719802856445-0.05832505226135254-0.04913973808288574-0.07259154319763184-0.03681182861328125-0.06012892723083496-0.08949494361877441-0.03711843490600586-0.08500361442565918-0.12558507919311523-0.06313967704772949-0.08996367454528809-0.038985490798950195-0.10824131965637207-0.04220438003540039-0.05766773223876953-0.04102683067321777-0.09238862991333008-0.0788567066192627-0.04775404930114746-0.08215117454528809-0.04828000068664551-0.07667779922485352-0.0815422534942627-0.0724337100982666-0.06684708595275879-0.035147666931152344-0.0267488956451416-0.040213823318481445-0.0599515438079834-0.05907297134399414-0.06284570693969727-0.021511554718017578-0.04203367233276367-0.04980802536010742-0.07405376434326172-0.03154182434082031-0.04908871650695801-0.05907011032104492-0.05804872512817383-0.04770493507385254-0.039548397064208984,
3,4,8.28,0.126,0.198,0.05869770050048828-0.14787983894348145-0.14123082160949707-0.2588374614715576-0.15224671363830566-0.16017556190490723-0.08450770378112793-0.2183218002319336-0.3256220817565918-0.13591837882995605-0.20365357398986816-0.1479511260986328-0.33290982246398926-0.20867705345153809-0.1962893009185791-0.17534661293029785-0.23320245742797852-0.1773059368133545-0.17877769470214844-0.21474504470825195-0.21669745445251465-0.27320265769958496-0.21651005744934082-0.1387331485748291-0.17074346542358398-0.39753198623657227-0.12092709541320801-0.24558401107788086-0.13941168785095215-0.44572949409484863-0.3004281520843506-0.282559871673584-0.11378931999206543-0.12341666221618652-0.20319533348083496-0.30460619926452637-0.2005457878112793-0.22906708717346191-0.31471681594848633-0.1519606113433838-0.2223680019378662-0.15700602531433105-0.20461058616638184-0.10647082328796387-0.378873348236084-0.11051392555236816-0.06442618370056152-0.14062762260437012-0.1799466609954834-0.1826770305633545-0.28756022453308105-4.649162292480469e-05-0.22043442726135254-0.07470393180847168-0.32209157943725586-0.16103601455688477-0.14159870147705078-0.19769525527954102-0.15806126594543457-0.18601727485656738-0.1463320255279541-0.25498461723327637-0.1180870532989502-0.16258454322814941-0.27033543586730957-0.15436601638793945-0.26329898834228516-0.40859532356262207-0.2118818759918213-0.24536705017089844-0.14758563041687012-0.34424352645874023-0.18254947662353516-0.20522260665893555-0.13624143600463867-0.3554964065551758-0.29730820655822754-0.19153571128845215-0.21189403533935547-0.18830561637878418-0.2320399284362793-0.22234797477722168-0.11507129669189453-0.2446460723876953-0.11865854263305664-0.12669110298156738-0.18723273277282715-0.16340899467468262-0.16929388046264648-0.25141239166259766-0.07485842704772949-0.14075756072998047-0.21184468269348145-0.23637723922729492-0.1078333854675293-0.20717930793762207-0.20980215072631836-0.16354846954345703-0.14581966400146484-0.15692996978759766,
3,5,8.64,0.13,0.506,0.15841937065124512-0.34805917739868164-0.3752613067626953-0.617255687713623-0.4026501178741455-0.19870448112487793-0.22892475128173828-0.5502774715423584-0.7043123245239258-0.4443504810333252-0.6184117794036865-0.5024597644805908-0.9014825820922852-0.532724142074585-0.6608190536499023-0.5059413909912109-0.5970690250396729-0.5295827388763428-0.5210592746734619-0.53731369972229-0.5071873664855957-0.6737473011016846-0.5448598861694336-0.37374424934387207-0.5023055076599121-1.0110111236572266-0.3088877201080322-0.38750314712524414-0.4047527313232422-0.9996700286865234-0.7302796840667725-0.7525148391723633-0.31160664558410645-0.35341644287109375-0.4901266098022461-0.5395104885101318-0.5904333591461182-0.5811564922332764-0.8271594047546387-0.36431384086608887-0.682476282119751-0.39336538314819336-0.5585958957672119-0.30053019523620605-0.8010909557342529-0.34680724143981934-0.1862325668334961-0.38137006759643555-0.41390132904052734-0.4604310989379883-0.8218889236450195-5.14984130859375e-05-0.5883300304412842-0.18317294120788574-0.829413652420044-0.40780043601989746-0.3896663188934326-0.5147173404693604-0.37537646293640137-0.46184229850769043-0.383014440536499-0.7408382892608643-0.4067192077636719-0.451336145401001-0.6750450134277344-0.4480142593383789-0.8344295024871826-1.011629343032837-0.5988986492156982-0.622122049331665-0.43147802352905273-0.4985482692718506-0.40349483489990234-0.41361260414123535-0.34132981300354004-0.8556082248687744-0.7310504913330078-0.44250965118408203-0.5285358428955078-0.377927303314209-0.5966458320617676-0.5840840339660645-0.3722808361053467-0.6316938400268555-0.31873273849487305-0.37624049186706543-0.5185644626617432-0.40248560905456543-0.3751640319824219-0.6043205261230469-0.1992189884185791-0.37980127334594727-0.6243147850036621-0.5639278888702393-0.2986142635345459-0.5981218814849854-0.49167537689208984-0.4055447578430176-0.38314247131347656-0.42034149169921875,
3,10,9.29,0.138,6.097,1.8077442646026611-5.251326560974121-2.819875717163086-6.964763402938843-2.119033098220825-5.650675535202026-3.7664968967437744-6.954025030136108-6.5600550174713135-4.535761117935181-7.476944446563721-6.666800022125244-10.688896417617798-6.204881429672241-7.052060842514038-9.424352645874023-7.059553861618042-7.679409980773926-6.146289587020874-7.031827926635742-4.446836471557617-7.601956129074097-5.449212551116943-3.487186908721924-6.440734386444092-8.983435869216919-4.128162622451782-6.286592245101929-4.819275140762329-10.969181299209595-6.9402172565460205-7.569952964782715-5.233059883117676-6.349846363067627-5.52578330039978-4.7514965534210205-8.46759843826294-5.613813877105713-5.537538766860962-4.556062698364258-12.129785537719727-5.129698276519775-9.65487790107727-5.512208461761475-13.188652992248535-3.8603515625-1.6635448932647705-3.7211384773254395-6.283517360687256-5.446119070053101-13.101773262023926-5.340576171875e-05-7.819903135299683-2.028698444366455-9.514459133148193-4.738174676895142-5.088449239730835-6.022507190704346-3.7024471759796143-4.164762020111084-3.200862169265747-6.726024627685547-4.2470293045043945-5.49050760269165-9.997160196304321-5.9232683181762695-10.234698295593262-14.790587663650513-8.047420501708984-6.286872863769531-5.497121572494507-5.385634422302246-5.6922502517700195-5.031440258026123-3.7916486263275146-9.016336441040039-4.459943771362305-4.770640850067139-5.951884746551514-4.016784191131592-4.059822082519531-8.841660737991333-4.215285539627075-9.235761880874634-5.4229254722595215-6.050657033920288-4.172348737716675-3.9386820793151855-3.9918344020843506-6.046779632568359-2.989182949066162-4.607362985610962-8.719149351119995-5.857144117355347-7.0923590660095215-7.880373239517212-5.5607428550720215-6.718632221221924-4.430975914001465-3.5471091270446777,
3,15,9.36,0.139,144.051,5.964388608932495-15.658279418945312-7.259272813796997-26.673633575439453-7.948109865188599-12.996845722198486-11.762256860733032-20.876624822616577-16.715611934661865-15.261966466903687-25.108343362808228-27.801806449890137-38.56946611404419-16.670884609222412-24.552852392196655-32.48226833343506-28.198425769805908-25.44083595275879-21.815134048461914-23.66395878791809-13.524539470672607-21.99276065826416-16.387677669525146-9.894976139068604-17.041878938674927-25.240992307662964-11.977807998657227-19.3565833568573-14.43537712097168-36.640334129333496-18.592968463897705-20.39519214630127-19.208589792251587-27.08779811859131-14.420087337493896-13.943239688873291-35.04990363121033-16.968762636184692-14.18513536453247-11.830641269683838-42.337663412094116-22.246127367019653-28.72550344467163-18.742750883102417-31.463802576065063-11.489635229110718-4.257569074630737-11.958954334259033-21.83886981010437-19.244137287139893-54.66004538536072-5.316734313964844e-05-29.063971519470215-6.226134538650513-33.91008496284485-14.224953651428223-18.323925256729126-17.884402990341187-12.270070791244507-10.380829334259033-9.197237968444824-22.0870840549469-13.00155234336853-17.274383068084717-28.779197931289673-18.341824769973755-27.086405038833618-52.44174647331238-32.64276123046875-15.425683975219727-15.631864547729492-16.710078716278076-15.961222410202026-16.32762098312378-12.835439920425415-26.62782073020935-14.133464336395264-12.471924066543579-13.793852806091309-11.62153959274292-10.687569618225098-25.405736446380615-11.63423228263855-32.2770676612854-12499.766446113586-17.756431579589844-11.51772665977478-11.70356798171997-11.777552843093872-18.304210901260376-6.829650640487671-14.639507293701172-30.27198100090027-14.827209711074829-22.072789192199707-24.52246618270874-15.532968759536743-20.32569909095764-11.892874956130981-8.154667615890503,
