0,0,0
0,1,1
0,2,1
0,3,1
0,12,1
0,16,1
0,28,1
0,57,1
0,61,1
0,89,1
0,4,2
0,5,2
0,6,2
0,8,2
0,11,2
0,13,2
0,18,2
0,20,2
0,7,2
0,14,2
0,25,2
0,30,2
0,71,2
0,81,2
0,88,2
0,9,2
0,47,3
0,70,3
0,78,3
0,19,3
0,37,3
0,75,3
0,10,3
0,34,3
0,77,3
0,21,3
0,50,3
0,51,3
0,54,3
0,63,3
0,69,3
0,72,3
0,79,3
0,80,3
0,82,3
0,96,3
0,23,3
0,26,3
0,27,3
0,43,3
0,49,3
0,58,3
0,59,3
0,62,3
0,64,3
0,67,3
0,73,3
0,74,3
0,76,3
0,91,3
0,94,3
0,95,3
0,97,3
0,17,3
0,22,3
0,38,3
0,45,3
0,53,3
0,68,3
0,92,3
0,99,3
0,33,3
0,39,3
0,55,3
0,15,3
0,36,3
0,29,3
0,35,3
0,42,3
0,48,3
0,65,3
0,83,3
0,84,3
0,93,3
0,24,3
0,32,3
0,41,3
0,44,3
0,46,3
0,56,3
0,66,3
0,98,3
0,52,4
0,31,4
0,40,4
0,60,4
0,85,4
0,86,4
0,87,4
0,90,4
1,1,0
1,0,1
1,2,1
1,3,1
1,4,1
1,5,1
1,6,1
1,8,1
1,12,2
1,16,2
1,28,2
1,57,2
1,61,2
1,89,2
1,11,2
1,13,2
1,18,2
1,20,2
1,7,2
1,14,2
1,25,2
1,30,2
1,71,2
1,81,2
1,9,2
1,47,2
1,70,2
1,78,2
1,19,2
1,37,2
1,75,2
1,10,2
1,34,2
1,77,2
1,21,2
1,50,2
1,51,2
1,54,2
1,63,2
1,69,2
1,72,2
1,79,2
1,80,2
1,82,2
1,96,2
1,88,3
1,23,3
1,26,3
1,27,3
1,43,3
1,49,3
1,58,3
1,59,3
1,62,3
1,64,3
1,67,3
1,73,3
1,74,3
1,76,3
1,91,3
1,94,3
1,95,3
1,97,3
1,17,3
1,22,3
1,38,3
1,45,3
1,53,3
1,68,3
1,92,3
1,99,3
1,33,3
1,39,3
1,55,3
1,15,3
1,36,3
1,29,3
1,35,3
1,42,3
1,48,3
1,65,3
1,83,3
1,84,3
1,93,3
1,24,3
1,32,3
1,41,3
1,44,3
1,46,3
1,56,3
1,66,3
1,98,3
1,52,3
1,31,4
1,40,4
1,60,4
1,85,4
1,86,4
1,87,4
1,90,4
2,2,0
2,0,1
2,1,1
2,3,1
2,4,1
2,11,1
2,13,1
2,18,1
2,20,1
2,12,2
2,16,2
2,28,2
2,57,2
2,61,2
2,89,2
2,5,2
2,6,2
2,8,2
2,7,2
2,14,2
2,25,2
2,30,2
2,71,2
2,81,2
2,9,2
2,47,2
2,70,2
2,78,2
2,23,2
2,26,2
2,27,2
2,43,2
2,49,2
2,58,2
2,59,2
2,62,2
2,64,2
2,67,2
2,73,2
2,74,2
2,76,2
2,91,2
2,94,2
2,95,2
2,97,2
2,17,2
2,22,2
2,38,2
2,45,2
2,53,2
2,68,2
2,92,2
2,99,2
2,33,2
2,39,2
2,55,2
2,10,2
2,15,2
2,88,3
2,19,3
2,37,3
2,75,3
2,34,3
2,77,3
2,21,3
2,50,3
2,51,3
2,54,3
2,63,3
2,69,3
2,72,3
2,79,3
2,80,3
2,82,3
2,96,3
2,36,3
2,29,3
2,35,3
2,42,3
2,48,3
2,65,3
2,83,3
2,84,3
2,93,3
2,24,3
2,32,3
2,41,3
2,44,3
2,46,3
2,56,3
2,66,3
2,98,3
2,52,3
2,31,3
2,40,3
2,60,3
2,85,3
2,86,3
2,87,3
2,90,3
3,3,0
3,0,1
3,1,1
3,2,1
3,4,1
3,7,1
3,11,1
3,14,1
3,25,1
3,30,1
3,71,1
3,81,1
3,12,2
3,16,2
3,28,2
3,57,2
3,61,2
3,89,2
3,5,2
3,6,2
3,8,2
3,13,2
3,18,2
3,20,2
3,9,2
3,47,2
3,70,2
3,78,2
3,10,2
3,15,2
3,17,2
3,36,2
3,23,2
3,26,2
3,27,2
3,43,2
3,49,2
3,58,2
3,59,2
3,62,2
3,64,2
3,67,2
3,73,2
3,74,2
3,76,2
3,91,2
3,94,2
3,95,2
3,97,2
3,19,2
3,29,2
3,35,2
3,42,2
3,48,2
3,65,2
3,83,2
3,84,2
3,93,2
3,88,3
3,37,3
3,75,3
3,34,3
3,77,3
3,21,3
3,50,3
3,51,3
3,54,3
3,63,3
3,69,3
3,72,3
3,79,3
3,80,3
3,82,3
3,96,3
3,22,3
3,38,3
3,45,3
3,53,3
3,68,3
3,92,3
3,99,3
3,33,3
3,39,3
3,55,3
3,24,3
3,32,3
3,41,3
3,44,3
3,46,3
3,56,3
3,66,3
3,98,3
3,52,3
3,31,3
3,40,3
3,60,3
3,85,3
3,86,3
3,87,3
3,90,3
4,4,0
4,3,1
4,1,1
4,2,1
4,6,1
4,9,1
4,11,1
4,16,1
4,47,1
4,70,1
4,78,1
4,0,2
4,7,2
4,14,2
4,25,2
4,30,2
4,71,2
4,81,2
4,5,2
4,8,2
4,13,2
4,18,2
4,20,2
4,10,2
4,34,2
4,77,2
4,17,2
4,24,2
4,32,2
4,41,2
4,44,2
4,46,2
4,56,2
4,66,2
4,98,2
4,12,2
4,23,2
4,26,2
4,27,2
4,43,2
4,49,2
4,58,2
4,59,2
4,62,2
4,64,2
4,67,2
4,73,2
4,74,2
4,76,2
4,91,2
4,94,2
4,95,2
4,97,2
4,28,3
4,57,3
4,61,3
4,89,3
4,15,3
4,36,3
4,19,3
4,29,3
4,35,3
4,42,3
4,48,3
4,65,3
4,83,3
4,84,3
4,93,3
4,37,3
4,75,3
4,21,3
4,50,3
4,51,3
4,54,3
4,63,3
4,69,3
4,72,3
4,79,3
4,80,3
4,82,3
4,96,3
4,22,3
4,38,3
4,45,3
4,53,3
4,68,3
4,92,3
4,99,3
4,33,3
4,39,3
4,55,3
4,52,3
4,88,3
4,31,4
4,40,4
4,60,4
4,85,4
4,86,4
4,87,4
4,90,4
5,5,0
5,1,1
5,14,1
5,19,1
5,37,1
5,75,1
5,11,1
5,6,1
5,7,1
5,10,1
5,13,1
5,0,2
5,2,2
5,3,2
5,4,2
5,8,2
5,15,2
5,29,2
5,35,2
5,42,2
5,48,2
5,65,2
5,83,2
5,84,2
5,93,2
5,9,2
5,12,2
5,16,2
5,23,2
5,26,2
5,27,2
5,43,2
5,49,2
5,58,2
5,59,2
5,62,2
5,64,2
5,67,2
5,73,2
5,74,2
5,76,2
5,91,2
5,94,2
5,95,2
5,97,2
5,17,2
5,34,2
5,77,2
5,36,2
5,52,2
5,18,2
5,22,2
5,38,2
5,45,2
5,53,2
5,68,2
5,92,2
5,99,2
5,28,3
5,57,3
5,61,3
5,89,3
5,20,3
5,25,3
5,30,3
5,71,3
5,81,3
5,47,3
5,70,3
5,78,3
5,21,3
5,50,3
5,51,3
5,54,3
5,63,3
5,69,3
5,72,3
5,79,3
5,80,3
5,82,3
5,96,3
5,31,3
5,40,3
5,60,3
5,85,3
5,86,3
5,87,3
5,90,3
5,24,3
5,32,3
5,41,3
5,44,3
5,46,3
5,56,3
5,66,3
5,98,3
5,88,3
5,33,3
5,39,3
5,55,3
6,6,0
6,1,1
6,4,1
6,7,1
6,9,1
6,10,1
6,11,1
6,34,1
6,77,1
6,5,1
6,8,1
6,0,2
6,2,2
6,3,2
6,16,2
6,47,2
6,70,2
6,78,2
6,15,2
6,17,2
6,36,2
6,20,2
6,24,2
6,32,2
6,41,2
6,44,2
6,46,2
6,56,2
6,66,2
6,98,2
6,12,2
6,13,2
6,14,2
6,52,2
6,18,2
6,23,2
6,26,2
6,27,2
6,43,2
6,49,2
6,58,2
6,59,2
6,62,2
6,64,2
6,67,2
6,73,2
6,74,2
6,76,2
6,91,2
6,94,2
6,95,2
6,97,2
6,19,2
6,37,2
6,75,2
6,21,2
6,50,2
6,51,2
6,54,2
6,63,2
6,69,2
6,72,2
6,79,2
6,80,2
6,82,2
6,96,2
6,28,3
6,57,3
6,61,3
6,89,3
6,25,3
6,30,3
6,71,3
6,81,3
6,31,3
6,40,3
6,60,3
6,85,3
6,86,3
6,87,3
6,90,3
6,88,3
6,22,3
6,38,3
6,45,3
6,53,3
6,68,3
6,92,3
6,99,3
6,29,3
6,35,3
6,42,3
6,48,3
6,65,3
6,83,3
6,84,3
6,93,3
6,33,3
6,39,3
6,55,3
7,7,0
7,6,1
7,3,1
7,9,1
7,10,1
7,15,1
7,17,1
7,36,1
7,5,1
7,8,1
7,11,1
7,1,2
7,4,2
7,34,2
7,77,2
7,0,2
7,2,2
7,14,2
7,25,2
7,30,2
7,71,2
7,81,2
7,20,2
7,24,2
7,32,2
7,41,2
7,44,2
7,46,2
7,56,2
7,66,2
7,98,2
7,12,2
7,13,2
7,52,2
7,18,2
7,19,2
7,31,2
7,40,2
7,60,2
7,85,2
7,86,2
7,87,2
7,90,2
7,37,2
7,75,2
7,21,2
7,50,2
7,51,2
7,54,2
7,63,2
7,69,2
7,72,2
7,79,2
7,80,2
7,82,2
7,96,2
7,16,2
7,23,2
7,26,2
7,27,2
7,43,2
7,49,2
7,58,2
7,59,2
7,62,2
7,64,2
7,67,2
7,73,2
7,74,2
7,76,2
7,91,2
7,94,2
7,95,2
7,97,2
7,47,3
7,70,3
7,78,3
7,28,3
7,57,3
7,61,3
7,89,3
7,29,3
7,35,3
7,42,3
7,48,3
7,65,3
7,83,3
7,84,3
7,93,3
7,88,3
7,22,3
7,38,3
7,45,3
7,53,3
7,68,3
7,92,3
7,99,3
7,33,3
7,39,3
7,55,3
8,8,0
8,1,1
8,18,1
8,21,1
8,50,1
8,51,1
8,54,1
8,63,1
8,69,1
8,72,1
8,79,1
8,80,1
8,82,1
8,96,1
8,6,1
8,7,1
8,0,2
8,2,2
8,3,2
8,4,2
8,5,2
8,33,2
8,39,2
8,55,2
8,10,2
8,9,2
8,11,2
8,34,2
8,77,2
8,15,2
8,17,2
8,36,2
8,12,3
8,16,3
8,28,3
8,57,3
8,61,3
8,89,3
8,13,3
8,20,3
8,14,3
8,25,3
8,30,3
8,71,3
8,81,3
8,47,3
8,70,3
8,78,3
8,19,3
8,37,3
8,75,3
8,52,3
8,24,3
8,32,3
8,41,3
8,44,3
8,46,3
8,56,3
8,66,3
8,98,3
8,23,3
8,26,3
8,27,3
8,43,3
8,49,3
8,58,3
8,59,3
8,62,3
8,64,3
8,67,3
8,73,3
8,74,3
8,76,3
8,91,3
8,94,3
8,95,3
8,97,3
8,31,3
8,40,3
8,60,3
8,85,3
8,86,3
8,87,3
8,90,3
8,88,4
8,22,4
8,38,4
8,45,4
8,53,4
8,68,4
8,92,4
8,99,4
8,29,4
8,35,4
8,42,4
8,48,4
8,65,4
8,83,4
8,84,4
8,93,4
9,9,0
9,6,1
9,4,1
9,7,1
9,17,1
9,20,1
9,24,1
9,32,1
9,41,1
9,44,1
9,46,1
9,56,1
9,66,1
9,98,1
9,11,1
9,12,1
9,13,1
9,14,1
9,1,2
9,10,2
9,34,2
9,77,2
9,5,2
9,8,2
9,3,2
9,2,2
9,16,2
9,47,2
9,70,2
9,78,2
9,15,2
9,36,2
9,23,2
9,26,2
9,27,2
9,43,2
9,49,2
9,58,2
9,59,2
9,62,2
9,64,2
9,67,2
9,73,2
9,74,2
9,76,2
9,91,2
9,94,2
9,95,2
9,97,2
9,0,2
9,88,2
9,22,2
9,38,2
9,45,2
9,53,2
9,68,2
9,92,2
9,99,2
9,19,2
9,29,2
9,35,2
9,42,2
9,48,2
9,65,2
9,83,2
9,84,2
9,93,2
9,52,3
9,18,3
9,37,3
9,75,3
9,21,3
9,50,3
9,51,3
9,54,3
9,63,3
9,69,3
9,72,3
9,79,3
9,80,3
9,82,3
9,96,3
9,25,3
9,30,3
9,71,3
9,81,3
9,31,3
9,40,3
9,60,3
9,85,3
9,86,3
9,87,3
9,90,3
9,28,3
9,57,3
9,61,3
9,89,3
9,33,4
9,39,4
9,55,4
10,10,0
10,6,1
10,7,1
10,52,1
10,5,1
10,18,1
10,1,2
10,4,2
10,9,2
10,11,2
10,34,2
10,77,2
10,8,2
10,3,2
10,15,2
10,17,2
10,36,2
10,14,2
10,19,2
10,37,2
10,75,2
10,13,2
10,2,2
10,33,2
10,39,2
10,55,2
10,0,3
10,16,3
10,47,3
10,70,3
10,78,3
10,20,3
10,24,3
10,32,3
10,41,3
10,44,3
10,46,3
10,56,3
10,66,3
10,98,3
10,12,3
10,23,3
10,26,3
10,27,3
10,43,3
10,49,3
10,58,3
10,59,3
10,62,3
10,64,3
10,67,3
10,73,3
10,74,3
10,76,3
10,91,3
10,94,3
10,95,3
10,97,3
10,21,3
10,50,3
10,51,3
10,54,3
10,63,3
10,69,3
10,72,3
10,79,3
10,80,3
10,82,3
10,96,3
10,25,3
10,30,3
10,71,3
10,81,3
10,31,3
10,40,3
10,60,3
10,85,3
10,86,3
10,87,3
10,90,3
10,29,3
10,35,3
10,42,3
10,48,3
10,65,3
10,83,3
10,84,3
10,93,3
10,22,3
10,38,3
10,45,3
10,53,3
10,68,3
10,92,3
10,99,3
10,28,4
10,57,4
10,61,4
10,89,4
10,88,4
11,11,0
11,6,1
11,2,1
11,3,1
11,4,1
11,12,1
11,13,1
11,16,1
11,23,1
11,26,1
11,27,1
11,43,1
11,49,1
11,58,1
11,59,1
11,62,1
11,64,1
11,67,1
11,73,1
11,74,1
11,76,1
11,91,1
11,94,1
11,95,1
11,97,1
11,5,1
11,9,1
11,7,1
11,17,1
11,1,2
11,10,2
11,34,2
11,77,2
11,8,2
11,0,2
11,18,2
11,20,2
11,14,2
11,25,2
11,30,2
11,71,2
11,81,2
11,47,2
11,70,2
11,78,2
11,88,2
11,22,2
11,38,2
11,45,2
11,53,2
11,68,2
11,92,2
11,99,2
11,19,2
11,37,2
11,75,2
11,24,2
11,32,2
11,41,2
11,44,2
11,46,2
11,56,2
11,66,2
11,98,2
11,15,2
11,36,2
11,52,3
11,21,3
11,50,3
11,51,3
11,54,3
11,63,3
11,69,3
11,72,3
11,79,3
11,80,3
11,82,3
11,96,3
11,28,3
11,57,3
11,61,3
11,89,3
11,33,3
11,39,3
11,55,3
11,29,3
11,35,3
11,42,3
11,48,3
11,65,3
11,83,3
11,84,3
11,93,3
11,31,3
11,40,3
11,60,3
11,85,3
11,86,3
11,87,3
11,90,3
12,12,0
12,11,1
12,0,1
12,88,1
12,9,1
12,6,2
12,2,2
12,3,2
12,4,2
12,13,2
12,16,2
12,23,2
12,26,2
12,27,2
12,43,2
12,49,2
12,58,2
12,59,2
12,62,2
12,64,2
12,67,2
12,73,2
12,74,2
12,76,2
12,91,2
12,94,2
12,95,2
12,97,2
12,5,2
12,7,2
12,17,2
12,1,2
12,28,2
12,57,2
12,61,2
12,89,2
12,20,2
12,24,2
12,32,2
12,41,2
12,44,2
12,46,2
12,56,2
12,66,2
12,98,2
12,14,2
12,10,3
12,34,3
12,77,3
12,8,3
12,18,3
12,25,3
12,30,3
12,71,3
12,81,3
12,47,3
12,70,3
12,78,3
12,22,3
12,38,3
12,45,3
12,53,3
12,68,3
12,92,3
12,99,3
12,19,3
12,37,3
12,75,3
12,15,3
12,36,3
12,29,3
12,35,3
12,42,3
12,48,3
12,65,3
12,83,3
12,84,3
12,93,3
12,52,4
12,21,4
12,50,4
12,51,4
12,54,4
12,63,4
12,69,4
12,72,4
12,79,4
12,80,4
12,82,4
12,96,4
12,33,4
12,39,4
12,55,4
12,31,4
12,40,4
12,60,4
12,85,4
12,86,4
12,87,4
12,90,4
13,13,0
13,2,1
13,11,1
13,22,1
13,38,1
13,45,1
13,53,1
13,68,1
13,92,1
13,99,1
13,5,1
13,9,1
13,0,2
13,1,2
13,3,2
13,4,2
13,18,2
13,20,2
13,6,2
13,12,2
13,16,2
13,23,2
13,26,2
13,27,2
13,43,2
13,49,2
13,58,2
13,59,2
13,62,2
13,64,2
13,67,2
13,73,2
13,74,2
13,76,2
13,91,2
13,94,2
13,95,2
13,97,2
13,7,2
13,17,2
13,14,2
13,19,2
13,37,2
13,75,2
13,10,2
13,24,2
13,32,2
13,41,2
13,44,2
13,46,2
13,56,2
13,66,2
13,98,2
13,28,3
13,57,3
13,61,3
13,89,3
13,8,3
13,25,3
13,30,3
13,71,3
13,81,3
13,47,3
13,70,3
13,78,3
13,33,3
13,39,3
13,55,3
13,15,3
13,34,3
13,77,3
13,88,3
13,36,3
13,29,3
13,35,3
13,42,3
13,48,3
13,65,3
13,83,3
13,84,3
13,93,3
13,52,3
13,21,4
13,50,4
13,51,4
13,54,4
13,63,4
13,69,4
13,72,4
13,79,4
13,80,4
13,82,4
13,96,4
13,31,4
13,40,4
13,60,4
13,85,4
13,86,4
13,87,4
13,90,4
14,14,0
14,5,1
14,3,1
14,15,1
14,19,1
14,29,1
14,35,1
14,42,1
14,48,1
14,65,1
14,83,1
14,84,1
14,93,1
14,9,1
14,1,2
14,37,2
14,75,2
14,11,2
14,6,2
14,7,2
14,10,2
14,13,2
14,0,2
14,2,2
14,4,2
14,25,2
14,30,2
14,71,2
14,81,2
14,17,2
14,20,2
14,31,2
14,40,2
14,60,2
14,85,2
14,86,2
14,87,2
14,90,2
14,24,2
14,32,2
14,41,2
14,44,2
14,46,2
14,56,2
14,66,2
14,98,2
14,12,2
14,8,3
14,16,3
14,23,3
14,26,3
14,27,3
14,43,3
14,49,3
14,58,3
14,59,3
14,62,3
14,64,3
14,67,3
14,73,3
14,74,3
14,76,3
14,91,3
14,94,3
14,95,3
14,97,3
14,34,3
14,77,3
14,36,3
14,52,3
14,18,3
14,22,3
14,38,3
14,45,3
14,53,3
14,68,3
14,92,3
14,99,3
14,28,3
14,57,3
14,61,3
14,89,3
14,47,3
14,70,3
14,78,3
14,88,3
14,21,4
14,50,4
14,51,4
14,54,4
14,63,4
14,69,4
14,72,4
14,79,4
14,80,4
14,82,4
14,96,4
14,33,4
14,39,4
14,55,4
15,15,0
15,7,1
15,14,1
15,17,1
15,19,1
15,20,1
15,31,1
15,40,1
15,60,1
15,85,1
15,86,1
15,87,1
15,90,1
15,6,2
15,3,2
15,9,2
15,10,2
15,36,2
15,5,2
15,8,2
15,11,2
15,29,2
15,35,2
15,42,2
15,48,2
15,65,2
15,83,2
15,84,2
15,93,2
15,2,2
15,1,3
15,4,3
15,34,3
15,77,3
15,0,3
15,25,3
15,30,3
15,71,3
15,81,3
15,24,3
15,32,3
15,41,3
15,44,3
15,46,3
15,56,3
15,66,3
15,98,3
15,12,3
15,13,3
15,52,3
15,18,3
15,37,3
15,75,3
15,21,3
15,50,3
15,51,3
15,54,3
15,63,3
15,69,3
15,72,3
15,79,3
15,80,3
15,82,3
15,96,3
15,16,3
15,23,3
15,26,3
15,27,3
15,43,3
15,49,3
15,58,3
15,59,3
15,62,3
15,64,3
15,67,3
15,73,3
15,74,3
15,76,3
15,91,3
15,94,3
15,95,3
15,97,3
15,47,4
15,70,4
15,78,4
15,28,4
15,57,4
15,61,4
15,89,4
15,88,4
15,22,4
15,38,4
15,45,4
15,53,4
15,68,4
15,92,4
15,99,4
15,33,4
15,39,4
15,55,4
16,16,0
16,0,1
16,4,1
16,11,1
16,1,2
16,2,2
16,3,2
16,12,2
16,28,2
16,57,2
16,61,2
16,89,2
16,6,2
16,9,2
16,47,2
16,70,2
16,78,2
16,13,2
16,23,2
16,26,2
16,27,2
16,43,2
16,49,2
16,58,2
16,59,2
16,62,2
16,64,2
16,67,2
16,73,2
16,74,2
16,76,2
16,91,2
16,94,2
16,95,2
16,97,2
16,5,2
16,7,2
16,17,2
16,8,3
16,18,3
16,20,3
16,14,3
16,25,3
16,30,3
16,71,3
16,81,3
16,88,3
16,10,3
16,34,3
16,77,3
16,24,3
16,32,3
16,41,3
16,44,3
16,46,3
16,56,3
16,66,3
16,98,3
16,22,3
16,38,3
16,45,3
16,53,3
16,68,3
16,92,3
16,99,3
16,19,3
16,37,3
16,75,3
16,15,3
16,36,3
16,21,4
16,50,4
16,51,4
16,54,4
16,63,4
16,69,4
16,72,4
16,79,4
16,80,4
16,82,4
16,96,4
16,33,4
16,39,4
16,55,4
16,29,4
16,35,4
16,42,4
16,48,4
16,65,4
16,83,4
16,84,4
16,93,4
16,52,4
16,31,4
16,40,4
16,60,4
16,85,4
16,86,4
16,87,4
16,90,4
17,17,0
17,7,1
17,15,1
17,9,1
17,11,1
17,20,1
17,6,2
17,3,2
17,10,2
17,36,2
17,5,2
17,8,2
17,14,2
17,19,2
17,31,2
17,40,2
17,60,2
17,85,2
17,86,2
17,87,2
17,90,2
17,4,2
17,24,2
17,32,2
17,41,2
17,44,2
17,46,2
17,56,2
17,66,2
17,98,2
17,12,2
17,13,2
17,2,2
17,16,2
17,23,2
17,26,2
17,27,2
17,43,2
17,49,2
17,58,2
17,59,2
17,62,2
17,64,2
17,67,2
17,73,2
17,74,2
17,76,2
17,91,2
17,94,2
17,95,2
17,97,2
17,1,3
17,34,3
17,77,3
17,0,3
17,25,3
17,30,3
17,71,3
17,81,3
17,52,3
17,18,3
17,37,3
17,75,3
17,21,3
17,50,3
17,51,3
17,54,3
17,63,3
17,69,3
17,72,3
17,79,3
17,80,3
17,82,3
17,96,3
17,29,3
17,35,3
17,42,3
17,48,3
17,65,3
17,83,3
17,84,3
17,93,3
17,47,3
17,70,3
17,78,3
17,88,3
17,22,3
17,38,3
17,45,3
17,53,3
17,68,3
17,92,3
17,99,3
17,28,4
17,57,4
17,61,4
17,89,4
17,33,4
17,39,4
17,55,4
18,18,0
18,8,1
18,2,1
18,33,1
18,39,1
18,55,1
18,10,1
18,1,2
18,21,2
18,50,2
18,51,2
18,54,2
18,63,2
18,69,2
18,72,2
18,79,2
18,80,2
18,82,2
18,96,2
18,6,2
18,7,2
18,0,2
18,3,2
18,4,2
18,11,2
18,13,2
18,20,2
18,52,2
18,5,2
18,9,3
18,34,3
18,77,3
18,15,3
18,17,3
18,36,3
18,12,3
18,16,3
18,28,3
18,57,3
18,61,3
18,89,3
18,14,3
18,25,3
18,30,3
18,71,3
18,81,3
18,47,3
18,70,3
18,78,3
18,23,3
18,26,3
18,27,3
18,43,3
18,49,3
18,58,3
18,59,3
18,62,3
18,64,3
18,67,3
18,73,3
18,74,3
18,76,3
18,91,3
18,94,3
18,95,3
18,97,3
18,22,3
18,38,3
18,45,3
18,53,3
18,68,3
18,92,3
18,99,3
18,19,3
18,37,3
18,75,3
18,24,4
18,32,4
18,41,4
18,44,4
18,46,4
18,56,4
18,66,4
18,98,4
18,31,4
18,40,4
18,60,4
18,85,4
18,86,4
18,87,4
18,90,4
18,88,4
18,29,4
18,35,4
18,42,4
18,48,4
18,65,4
18,83,4
18,84,4
18,93,4
19,19,0
19,14,1
19,5,1
19,15,1
19,3,2
19,29,2
19,35,2
19,42,2
19,48,2
19,65,2
19,83,2
19,84,2
19,93,2
19,9,2
19,1,2
19,37,2
19,75,2
19,11,2
19,6,2
19,7,2
19,10,2
19,13,2
19,17,2
19,20,2
19,31,2
19,40,2
19,60,2
19,85,2
19,86,2
19,87,2
19,90,2
19,0,3
19,2,3
19,4,3
19,25,3
19,30,3
19,71,3
19,81,3
19,24,3
19,32,3
19,41,3
19,44,3
19,46,3
19,56,3
19,66,3
19,98,3
19,12,3
19,8,3
19,16,3
19,23,3
19,26,3
19,27,3
19,43,3
19,49,3
19,58,3
19,59,3
19,62,3
19,64,3
19,67,3
19,73,3
19,74,3
19,76,3
19,91,3
19,94,3
19,95,3
19,97,3
19,34,3
19,77,3
19,36,3
19,52,3
19,18,3
19,22,3
19,38,3
19,45,3
19,53,3
19,68,3
19,92,3
19,99,3
19,28,4
19,57,4
19,61,4
19,89,4
19,47,4
19,70,4
19,78,4
19,88,4
19,21,4
19,50,4
19,51,4
19,54,4
19,63,4
19,69,4
19,72,4
19,79,4
19,80,4
19,82,4
19,96,4
19,33,4
19,39,4
19,55,4
20,20,0
20,15,1
20,2,1
20,9,1
20,17,1
20,7,2
20,14,2
20,19,2
20,31,2
20,40,2
20,60,2
20,85,2
20,86,2
20,87,2
20,90,2
20,0,2
20,1,2
20,3,2
20,4,2
20,11,2
20,13,2
20,18,2
20,6,2
20,24,2
20,32,2
20,41,2
20,44,2
20,46,2
20,56,2
20,66,2
20,98,2
20,12,2
20,10,3
20,36,3
20,5,3
20,8,3
20,29,3
20,35,3
20,42,3
20,48,3
20,65,3
20,83,3
20,84,3
20,93,3
20,16,3
20,28,3
20,57,3
20,61,3
20,89,3
20,25,3
20,30,3
20,71,3
20,81,3
20,47,3
20,70,3
20,78,3
20,23,3
20,26,3
20,27,3
20,43,3
20,49,3
20,58,3
20,59,3
20,62,3
20,64,3
20,67,3
20,73,3
20,74,3
20,76,3
20,91,3
20,94,3
20,95,3
20,97,3
20,22,3
20,38,3
20,45,3
20,53,3
20,68,3
20,92,3
20,99,3
20,33,3
20,39,3
20,55,3
20,34,3
20,77,3
20,88,3
20,52,4
20,37,4
20,75,4
20,21,4
20,50,4
20,51,4
20,54,4
20,63,4
20,69,4
20,72,4
20,79,4
20,80,4
20,82,4
20,96,4
21,21,0
21,8,1
21,1,2
21,18,2
21,50,2
21,51,2
21,54,2
21,63,2
21,69,2
21,72,2
21,79,2
21,80,2
21,82,2
21,96,2
21,6,2
21,7,2
21,0,3
21,2,3
21,3,3
21,4,3
21,5,3
21,33,3
21,39,3
21,55,3
21,10,3
21,9,3
21,11,3
21,34,3
21,77,3
21,15,3
21,17,3
21,36,3
21,12,4
21,16,4
21,28,4
21,57,4
21,61,4
21,89,4
21,13,4
21,20,4
21,14,4
21,25,4
21,30,4
21,71,4
21,81,4
21,47,4
21,70,4
21,78,4
21,19,4
21,37,4
21,75,4
21,52,4
21,24,4
21,32,4
21,41,4
21,44,4
21,46,4
21,56,4
21,66,4
21,98,4
21,23,4
21,26,4
21,27,4
21,43,4
21,49,4
21,58,4
21,59,4
21,62,4
21,64,4
21,67,4
21,73,4
21,74,4
21,76,4
21,91,4
21,94,4
21,95,4
21,97,4
21,31,4
21,40,4
21,60,4
21,85,4
21,86,4
21,87,4
21,90,4
21,88,5
21,22,5
21,38,5
21,45,5
21,53,5
21,68,5
21,92,5
21,99,5
21,29,5
21,35,5
21,42,5
21,48,5
21,65,5
21,83,5
21,84,5
21,93,5
22,22,0
22,13,1
22,2,2
22,11,2
22,38,2
22,45,2
22,53,2
22,68,2
22,92,2
22,99,2
22,5,2
22,9,2
22,0,3
22,1,3
22,3,3
22,4,3
22,18,3
22,20,3
22,6,3
22,12,3
22,16,3
22,23,3
22,26,3
22,27,3
22,43,3
22,49,3
22,58,3
22,59,3
22,62,3
22,64,3
22,67,3
22,73,3
22,74,3
22,76,3
22,91,3
22,94,3
22,95,3
22,97,3
22,7,3
22,17,3
22,14,3
22,19,3
22,37,3
22,75,3
22,10,3
22,24,3
22,32,3
22,41,3
22,44,3
22,46,3
22,56,3
22,66,3
22,98,3
22,28,4
22,57,4
22,61,4
22,89,4
22,8,4
22,25,4
22,30,4
22,71,4
22,81,4
22,47,4
22,70,4
22,78,4
22,33,4
22,39,4
22,55,4
22,15,4
22,34,4
22,77,4
22,88,4
22,36,4
22,29,4
22,35,4
22,42,4
22,48,4
22,65,4
22,83,4
22,84,4
22,93,4
22,52,4
22,21,5
22,50,5
22,51,5
22,54,5
22,63,5
22,69,5
22,72,5
22,79,5
22,80,5
22,82,5
22,96,5
22,31,5
22,40,5
22,60,5
22,85,5
22,86,5
22,87,5
22,90,5
23,23,0
23,11,1
23,6,2
23,2,2
23,3,2
23,4,2
23,12,2
23,13,2
23,16,2
23,26,2
23,27,2
23,43,2
23,49,2
23,58,2
23,59,2
23,62,2
23,64,2
23,67,2
23,73,2
23,74,2
23,76,2
23,91,2
23,94,2
23,95,2
23,97,2
23,5,2
23,9,2
23,7,2
23,17,2
23,1,3
23,10,3
23,34,3
23,77,3
23,8,3
23,0,3
23,18,3
23,20,3
23,14,3
23,25,3
23,30,3
23,71,3
23,81,3
23,47,3
23,70,3
23,78,3
23,88,3
23,22,3
23,38,3
23,45,3
23,53,3
23,68,3
23,92,3
23,99,3
23,19,3
23,37,3
23,75,3
23,24,3
23,32,3
23,41,3
23,44,3
23,46,3
23,56,3
23,66,3
23,98,3
23,15,3
23,36,3
23,52,4
23,21,4
23,50,4
23,51,4
23,54,4
23,63,4
23,69,4
23,72,4
23,79,4
23,80,4
23,82,4
23,96,4
23,28,4
23,57,4
23,61,4
23,89,4
23,33,4
23,39,4
23,55,4
23,29,4
23,35,4
23,42,4
23,48,4
23,65,4
23,83,4
23,84,4
23,93,4
23,31,4
23,40,4
23,60,4
23,85,4
23,86,4
23,87,4
23,90,4
24,24,0
24,9,1
24,6,2
24,4,2
24,7,2
24,17,2
24,20,2
24,32,2
24,41,2
24,44,2
24,46,2
24,56,2
24,66,2
24,98,2
24,11,2
24,12,2
24,13,2
24,14,2
24,1,3
24,10,3
24,34,3
24,77,3
24,5,3
24,8,3
24,3,3
24,2,3
24,16,3
24,47,3
24,70,3
24,78,3
24,15,3
24,36,3
24,23,3
24,26,3
24,27,3
24,43,3
24,49,3
24,58,3
24,59,3
24,62,3
24,64,3
24,67,3
24,73,3
24,74,3
24,76,3
24,91,3
24,94,3
24,95,3
24,97,3
24,0,3
24,88,3
24,22,3
24,38,3
24,45,3
24,53,3
24,68,3
24,92,3
24,99,3
24,19,3
24,29,3
24,35,3
24,42,3
24,48,3
24,65,3
24,83,3
24,84,3
24,93,3
24,52,4
24,18,4
24,37,4
24,75,4
24,21,4
24,50,4
24,51,4
24,54,4
24,63,4
24,69,4
24,72,4
24,79,4
24,80,4
24,82,4
24,96,4
24,25,4
24,30,4
24,71,4
24,81,4
24,31,4
24,40,4
24,60,4
24,85,4
24,86,4
24,87,4
24,90,4
24,28,4
24,57,4
24,61,4
24,89,4
24,33,5
24,39,5
24,55,5
25,25,0
25,3,1
25,0,2
25,1,2
25,2,2
25,4,2
25,7,2
25,11,2
25,14,2
25,30,2
25,71,2
25,81,2
25,12,3
25,16,3
25,28,3
25,57,3
25,61,3
25,89,3
25,5,3
25,6,3
25,8,3
25,13,3
25,18,3
25,20,3
25,9,3
25,47,3
25,70,3
25,78,3
25,10,3
25,15,3
25,17,3
25,36,3
25,23,3
25,26,3
25,27,3
25,43,3
25,49,3
25,58,3
25,59,3
25,62,3
25,64,3
25,67,3
25,73,3
25,74,3
25,76,3
25,91,3
25,94,3
25,95,3
25,97,3
25,19,3
25,29,3
25,35,3
25,42,3
25,48,3
25,65,3
25,83,3
25,84,3
25,93,3
25,88,4
25,37,4
25,75,4
25,34,4
25,77,4
25,21,4
25,50,4
25,51,4
25,54,4
25,63,4
25,69,4
25,72,4
25,79,4
25,80,4
25,82,4
25,96,4
25,22,4
25,38,4
25,45,4
25,53,4
25,68,4
25,92,4
25,99,4
25,33,4
25,39,4
25,55,4
25,24,4
25,32,4
25,41,4
25,44,4
25,46,4
25,56,4
25,66,4
25,98,4
25,52,4
25,31,4
25,40,4
25,60,4
25,85,4
25,86,4
25,87,4
25,90,4
26,26,0
26,11,1
26,6,2
26,2,2
26,3,2
26,4,2
26,12,2
26,13,2
26,16,2
26,23,2
26,27,2
26,43,2
26,49,2
26,58,2
26,59,2
26,62,2
26,64,2
26,67,2
26,73,2
26,74,2
26,76,2
26,91,2
26,94,2
26,95,2
26,97,2
26,5,2
26,9,2
26,7,2
26,17,2
26,1,3
26,10,3
26,34,3
26,77,3
26,8,3
26,0,3
26,18,3
26,20,3
26,14,3
26,25,3
26,30,3
26,71,3
26,81,3
26,47,3
26,70,3
26,78,3
26,88,3
26,22,3
26,38,3
26,45,3
26,53,3
26,68,3
26,92,3
26,99,3
26,19,3
26,37,3
26,75,3
26,24,3
26,32,3
26,41,3
26,44,3
26,46,3
26,56,3
26,66,3
26,98,3
26,15,3
26,36,3
26,52,4
26,21,4
26,50,4
26,51,4
26,54,4
26,63,4
26,69,4
26,72,4
26,79,4
26,80,4
26,82,4
26,96,4
26,28,4
26,57,4
26,61,4
26,89,4
26,33,4
26,39,4
26,55,4
26,29,4
26,35,4
26,42,4
26,48,4
26,65,4
26,83,4
26,84,4
26,93,4
26,31,4
26,40,4
26,60,4
26,85,4
26,86,4
26,87,4
26,90,4
27,27,0
27,11,1
27,6,2
27,2,2
27,3,2
27,4,2
27,12,2
27,13,2
27,16,2
27,23,2
27,26,2
27,43,2
27,49,2
27,58,2
27,59,2
27,62,2
27,64,2
27,67,2
27,73,2
27,74,2
27,76,2
27,91,2
27,94,2
27,95,2
27,97,2
27,5,2
27,9,2
27,7,2
27,17,2
27,1,3
27,10,3
27,34,3
27,77,3
27,8,3
27,0,3
27,18,3
27,20,3
27,14,3
27,25,3
27,30,3
27,71,3
27,81,3
27,47,3
27,70,3
27,78,3
27,88,3
27,22,3
27,38,3
27,45,3
27,53,3
27,68,3
27,92,3
27,99,3
27,19,3
27,37,3
27,75,3
27,24,3
27,32,3
27,41,3
27,44,3
27,46,3
27,56,3
27,66,3
27,98,3
27,15,3
27,36,3
27,52,4
27,21,4
27,50,4
27,51,4
27,54,4
27,63,4
27,69,4
27,72,4
27,79,4
27,80,4
27,82,4
27,96,4
27,28,4
27,57,4
27,61,4
27,89,4
27,33,4
27,39,4
27,55,4
27,29,4
27,35,4
27,42,4
27,48,4
27,65,4
27,83,4
27,84,4
27,93,4
27,31,4
27,40,4
27,60,4
27,85,4
27,86,4
27,87,4
27,90,4
28,28,0
28,0,1
28,1,2
28,2,2
28,3,2
28,12,2
28,16,2
28,57,2
28,61,2
28,89,2
28,4,3
28,5,3
28,6,3
28,8,3
28,11,3
28,13,3
28,18,3
28,20,3
28,7,3
28,14,3
28,25,3
28,30,3
28,71,3
28,81,3
28,88,3
28,9,3
28,47,4
28,70,4
28,78,4
28,19,4
28,37,4
28,75,4
28,10,4
28,34,4
28,77,4
28,21,4
28,50,4
28,51,4
28,54,4
28,63,4
28,69,4
28,72,4
28,79,4
28,80,4
28,82,4
28,96,4
28,23,4
28,26,4
28,27,4
28,43,4
28,49,4
28,58,4
28,59,4
28,62,4
28,64,4
28,67,4
28,73,4
28,74,4
28,76,4
28,91,4
28,94,4
28,95,4
28,97,4
28,17,4
28,22,4
28,38,4
28,45,4
28,53,4
28,68,4
28,92,4
28,99,4
28,33,4
28,39,4
28,55,4
28,15,4
28,36,4
28,29,4
28,35,4
28,42,4
28,48,4
28,65,4
28,83,4
28,84,4
28,93,4
28,24,4
28,32,4
28,41,4
28,44,4
28,46,4
28,56,4
28,66,4
28,98,4
28,52,5
28,31,5
28,40,5
28,60,5
28,85,5
28,86,5
28,87,5
28,90,5
29,29,0
29,14,1
29,5,2
29,3,2
29,15,2
29,19,2
29,35,2
29,42,2
29,48,2
29,65,2
29,83,2
29,84,2
29,93,2
29,9,2
29,1,3
29,37,3
29,75,3
29,11,3
29,6,3
29,7,3
29,10,3
29,13,3
29,0,3
29,2,3
29,4,3
29,25,3
29,30,3
29,71,3
29,81,3
29,17,3
29,20,3
29,31,3
29,40,3
29,60,3
29,85,3
29,86,3
29,87,3
29,90,3
29,24,3
29,32,3
29,41,3
29,44,3
29,46,3
29,56,3
29,66,3
29,98,3
29,12,3
29,8,4
29,16,4
29,23,4
29,26,4
29,27,4
29,43,4
29,49,4
29,58,4
29,59,4
29,62,4
29,64,4
29,67,4
29,73,4
29,74,4
29,76,4
29,91,4
29,94,4
29,95,4
29,97,4
29,34,4
29,77,4
29,36,4
29,52,4
29,18,4
29,22,4
29,38,4
29,45,4
29,53,4
29,68,4
29,92,4
29,99,4
29,28,4
29,57,4
29,61,4
29,89,4
29,47,4
29,70,4
29,78,4
29,88,4
29,21,5
29,50,5
29,51,5
29,54,5
29,63,5
29,69,5
29,72,5
29,79,5
29,80,5
29,82,5
29,96,5
29,33,5
29,39,5
29,55,5
30,30,0
30,3,1
30,0,2
30,1,2
30,2,2
30,4,2
30,7,2
30,11,2
30,14,2
30,25,2
30,71,2
30,81,2
30,12,3
30,16,3
30,28,3
30,57,3
30,61,3
30,89,3
30,5,3
30,6,3
30,8,3
30,13,3
30,18,3
30,20,3
30,9,3
30,47,3
30,70,3
30,78,3
30,10,3
30,15,3
30,17,3
30,36,3
30,23,3
30,26,3
30,27,3
30,43,3
30,49,3
30,58,3
30,59,3
30,62,3
30,64,3
30,67,3
30,73,3
30,74,3
30,76,3
30,91,3
30,94,3
30,95,3
30,97,3
30,19,3
30,29,3
30,35,3
30,42,3
30,48,3
30,65,3
30,83,3
30,84,3
30,93,3
30,88,4
30,37,4
30,75,4
30,34,4
30,77,4
30,21,4
30,50,4
30,51,4
30,54,4
30,63,4
30,69,4
30,72,4
30,79,4
30,80,4
30,82,4
30,96,4
30,22,4
30,38,4
30,45,4
30,53,4
30,68,4
30,92,4
30,99,4
30,33,4
30,39,4
30,55,4
30,24,4
30,32,4
30,41,4
30,44,4
30,46,4
30,56,4
30,66,4
30,98,4
30,52,4
30,31,4
30,40,4
30,60,4
30,85,4
30,86,4
30,87,4
30,90,4
31,31,0
31,15,1
31,7,2
31,14,2
31,17,2
31,19,2
31,20,2
31,40,2
31,60,2
31,85,2
31,86,2
31,87,2
31,90,2
31,6,3
31,3,3
31,9,3
31,10,3
31,36,3
31,5,3
31,8,3
31,11,3
31,29,3
31,35,3
31,42,3
31,48,3
31,65,3
31,83,3
31,84,3
31,93,3
31,2,3
31,1,4
31,4,4
31,34,4
31,77,4
31,0,4
31,25,4
31,30,4
31,71,4
31,81,4
31,24,4
31,32,4
31,41,4
31,44,4
31,46,4
31,56,4
31,66,4
31,98,4
31,12,4
31,13,4
31,52,4
31,18,4
31,37,4
31,75,4
31,21,4
31,50,4
31,51,4
31,54,4
31,63,4
31,69,4
31,72,4
31,79,4
31,80,4
31,82,4
31,96,4
31,16,4
31,23,4
31,26,4
31,27,4
31,43,4
31,49,4
31,58,4
31,59,4
31,62,4
31,64,4
31,67,4
31,73,4
31,74,4
31,76,4
31,91,4
31,94,4
31,95,4
31,97,4
31,47,5
31,70,5
31,78,5
31,28,5
31,57,5
31,61,5
31,89,5
31,88,5
31,22,5
31,38,5
31,45,5
31,53,5
31,68,5
31,92,5
31,99,5
31,33,5
31,39,5
31,55,5
32,32,0
32,9,1
32,6,2
32,4,2
32,7,2
32,17,2
32,20,2
32,24,2
32,41,2
32,44,2
32,46,2
32,56,2
32,66,2
32,98,2
32,11,2
32,12,2
32,13,2
32,14,2
32,1,3
32,10,3
32,34,3
32,77,3
32,5,3
32,8,3
32,3,3
32,2,3
32,16,3
32,47,3
32,70,3
32,78,3
32,15,3
32,36,3
32,23,3
32,26,3
32,27,3
32,43,3
32,49,3
32,58,3
32,59,3
32,62,3
32,64,3
32,67,3
32,73,3
32,74,3
32,76,3
32,91,3
32,94,3
32,95,3
32,97,3
32,0,3
32,88,3
32,22,3
32,38,3
32,45,3
32,53,3
32,68,3
32,92,3
32,99,3
32,19,3
32,29,3
32,35,3
32,42,3
32,48,3
32,65,3
32,83,3
32,84,3
32,93,3
32,52,4
32,18,4
32,37,4
32,75,4
32,21,4
32,50,4
32,51,4
32,54,4
32,63,4
32,69,4
32,72,4
32,79,4
32,80,4
32,82,4
32,96,4
32,25,4
32,30,4
32,71,4
32,81,4
32,31,4
32,40,4
32,60,4
32,85,4
32,86,4
32,87,4
32,90,4
32,28,4
32,57,4
32,61,4
32,89,4
32,33,5
32,39,5
32,55,5
33,33,0
33,18,1
33,8,2
33,2,2
33,39,2
33,55,2
33,10,2
33,1,3
33,21,3
33,50,3
33,51,3
33,54,3
33,63,3
33,69,3
33,72,3
33,79,3
33,80,3
33,82,3
33,96,3
33,6,3
33,7,3
33,0,3
33,3,3
33,4,3
33,11,3
33,13,3
33,20,3
33,52,3
33,5,3
33,9,4
33,34,4
33,77,4
33,15,4
33,17,4
33,36,4
33,12,4
33,16,4
33,28,4
33,57,4
33,61,4
33,89,4
33,14,4
33,25,4
33,30,4
33,71,4
33,81,4
33,47,4
33,70,4
33,78,4
33,23,4
33,26,4
33,27,4
33,43,4
33,49,4
33,58,4
33,59,4
33,62,4
33,64,4
33,67,4
33,73,4
33,74,4
33,76,4
33,91,4
33,94,4
33,95,4
33,97,4
33,22,4
33,38,4
33,45,4
33,53,4
33,68,4
33,92,4
33,99,4
33,19,4
33,37,4
33,75,4
33,24,5
33,32,5
33,41,5
33,44,5
33,46,5
33,56,5
33,66,5
33,98,5
33,31,5
33,40,5
33,60,5
33,85,5
33,86,5
33,87,5
33,90,5
33,88,5
33,29,5
33,35,5
33,42,5
33,48,5
33,65,5
33,83,5
33,84,5
33,93,5
34,34,0
34,6,1
34,1,2
34,4,2
34,7,2
34,9,2
34,10,2
34,11,2
34,77,2
34,5,2
34,8,2
34,0,3
34,2,3
34,3,3
34,16,3
34,47,3
34,70,3
34,78,3
34,15,3
34,17,3
34,36,3
34,20,3
34,24,3
34,32,3
34,41,3
34,44,3
34,46,3
34,56,3
34,66,3
34,98,3
34,12,3
34,13,3
34,14,3
34,52,3
34,18,3
34,23,3
34,26,3
34,27,3
34,43,3
34,49,3
34,58,3
34,59,3
34,62,3
34,64,3
34,67,3
34,73,3
34,74,3
34,76,3
34,91,3
34,94,3
34,95,3
34,97,3
34,19,3
34,37,3
34,75,3
34,21,3
34,50,3
34,51,3
34,54,3
34,63,3
34,69,3
34,72,3
34,79,3
34,80,3
34,82,3
34,96,3
34,28,4
34,57,4
34,61,4
34,89,4
34,25,4
34,30,4
34,71,4
34,81,4
34,31,4
34,40,4
34,60,4
34,85,4
34,86,4
34,87,4
34,90,4
34,88,4
34,22,4
34,38,4
34,45,4
34,53,4
34,68,4
34,92,4
34,99,4
34,29,4
34,35,4
34,42,4
34,48,4
34,65,4
34,83,4
34,84,4
34,93,4
34,33,4
34,39,4
34,55,4
35,35,0
35,14,1
35,5,2
35,3,2
35,15,2
35,19,2
35,29,2
35,42,2
35,48,2
35,65,2
35,83,2
35,84,2
35,93,2
35,9,2
35,1,3
35,37,3
35,75,3
35,11,3
35,6,3
35,7,3
35,10,3
35,13,3
35,0,3
35,2,3
35,4,3
35,25,3
35,30,3
35,71,3
35,81,3
35,17,3
35,20,3
35,31,3
35,40,3
35,60,3
35,85,3
35,86,3
35,87,3
35,90,3
35,24,3
35,32,3
35,41,3
35,44,3
35,46,3
35,56,3
35,66,3
35,98,3
35,12,3
35,8,4
35,16,4
35,23,4
35,26,4
35,27,4
35,43,4
35,49,4
35,58,4
35,59,4
35,62,4
35,64,4
35,67,4
35,73,4
35,74,4
35,76,4
35,91,4
35,94,4
35,95,4
35,97,4
35,34,4
35,77,4
35,36,4
35,52,4
35,18,4
35,22,4
35,38,4
35,45,4
35,53,4
35,68,4
35,92,4
35,99,4
35,28,4
35,57,4
35,61,4
35,89,4
35,47,4
35,70,4
35,78,4
35,88,4
35,21,5
35,50,5
35,51,5
35,54,5
35,63,5
35,69,5
35,72,5
35,79,5
35,80,5
35,82,5
35,96,5
35,33,5
35,39,5
35,55,5
36,36,0
36,7,1
36,6,2
36,3,2
36,9,2
36,10,2
36,15,2
36,17,2
36,5,2
36,8,2
36,11,2
36,1,3
36,4,3
36,34,3
36,77,3
36,0,3
36,2,3
36,14,3
36,25,3
36,30,3
36,71,3
36,81,3
36,20,3
36,24,3
36,32,3
36,41,3
36,44,3
36,46,3
36,56,3
36,66,3
36,98,3
36,12,3
36,13,3
36,52,3
36,18,3
36,19,3
36,31,3
36,40,3
36,60,3
36,85,3
36,86,3
36,87,3
36,90,3
36,37,3
36,75,3
36,21,3
36,50,3
36,51,3
36,54,3
36,63,3
36,69,3
36,72,3
36,79,3
36,80,3
36,82,3
36,96,3
36,16,3
36,23,3
36,26,3
36,27,3
36,43,3
36,49,3
36,58,3
36,59,3
36,62,3
36,64,3
36,67,3
36,73,3
36,74,3
36,76,3
36,91,3
36,94,3
36,95,3
36,97,3
36,47,4
36,70,4
36,78,4
36,28,4
36,57,4
36,61,4
36,89,4
36,29,4
36,35,4
36,42,4
36,48,4
36,65,4
36,83,4
36,84,4
36,93,4
36,88,4
36,22,4
36,38,4
36,45,4
36,53,4
36,68,4
36,92,4
36,99,4
36,33,4
36,39,4
36,55,4
37,37,0
37,5,1
37,1,2
37,14,2
37,19,2
37,75,2
37,11,2
37,6,2
37,7,2
37,10,2
37,13,2
37,0,3
37,2,3
37,3,3
37,4,3
37,8,3
37,15,3
37,29,3
37,35,3
37,42,3
37,48,3
37,65,3
37,83,3
37,84,3
37,93,3
37,9,3
37,12,3
37,16,3
37,23,3
37,26,3
37,27,3
37,43,3
37,49,3
37,58,3
37,59,3
37,62,3
37,64,3
37,67,3
37,73,3
37,74,3
37,76,3
37,91,3
37,94,3
37,95,3
37,97,3
37,17,3
37,34,3
37,77,3
37,36,3
37,52,3
37,18,3
37,22,3
37,38,3
37,45,3
37,53,3
37,68,3
37,92,3
37,99,3
37,28,4
37,57,4
37,61,4
37,89,4
37,20,4
37,25,4
37,30,4
37,71,4
37,81,4
37,47,4
37,70,4
37,78,4
37,21,4
37,50,4
37,51,4
37,54,4
37,63,4
37,69,4
37,72,4
37,79,4
37,80,4
37,82,4
37,96,4
37,31,4
37,40,4
37,60,4
37,85,4
37,86,4
37,87,4
37,90,4
37,24,4
37,32,4
37,41,4
37,44,4
37,46,4
37,56,4
37,66,4
37,98,4
37,88,4
37,33,4
37,39,4
37,55,4
38,38,0
38,13,1
38,2,2
38,11,2
38,22,2
38,45,2
38,53,2
38,68,2
38,92,2
38,99,2
38,5,2
38,9,2
38,0,3
38,1,3
38,3,3
38,4,3
38,18,3
38,20,3
38,6,3
38,12,3
38,16,3
38,23,3
38,26,3
38,27,3
38,43,3
38,49,3
38,58,3
38,59,3
38,62,3
38,64,3
38,67,3
38,73,3
38,74,3
38,76,3
38,91,3
38,94,3
38,95,3
38,97,3
38,7,3
38,17,3
38,14,3
38,19,3
38,37,3
38,75,3
38,10,3
38,24,3
38,32,3
38,41,3
38,44,3
38,46,3
38,56,3
38,66,3
38,98,3
38,28,4
38,57,4
38,61,4
38,89,4
38,8,4
38,25,4
38,30,4
38,71,4
38,81,4
38,47,4
38,70,4
38,78,4
38,33,4
38,39,4
38,55,4
38,15,4
38,34,4
38,77,4
38,88,4
38,36,4
38,29,4
38,35,4
38,42,4
38,48,4
38,65,4
38,83,4
38,84,4
38,93,4
38,52,4
38,21,5
38,50,5
38,51,5
38,54,5
38,63,5
38,69,5
38,72,5
38,79,5
38,80,5
38,82,5
38,96,5
38,31,5
38,40,5
38,60,5
38,85,5
38,86,5
38,87,5
38,90,5
39,39,0
39,18,1
39,8,2
39,2,2
39,33,2
39,55,2
39,10,2
39,1,3
39,21,3
39,50,3
39,51,3
39,54,3
39,63,3
39,69,3
39,72,3
39,79,3
39,80,3
39,82,3
39,96,3
39,6,3
39,7,3
39,0,3
39,3,3
39,4,3
39,11,3
39,13,3
39,20,3
39,52,3
39,5,3
39,9,4
39,34,4
39,77,4
39,15,4
39,17,4
39,36,4
39,12,4
39,16,4
39,28,4
39,57,4
39,61,4
39,89,4
39,14,4
39,25,4
39,30,4
39,71,4
39,81,4
39,47,4
39,70,4
39,78,4
39,23,4
39,26,4
39,27,4
39,43,4
39,49,4
39,58,4
39,59,4
39,62,4
39,64,4
39,67,4
39,73,4
39,74,4
39,76,4
39,91,4
39,94,4
39,95,4
39,97,4
39,22,4
39,38,4
39,45,4
39,53,4
39,68,4
39,92,4
39,99,4
39,19,4
39,37,4
39,75,4
39,24,5
39,32,5
39,41,5
39,44,5
39,46,5
39,56,5
39,66,5
39,98,5
39,31,5
39,40,5
39,60,5
39,85,5
39,86,5
39,87,5
39,90,5
39,88,5
39,29,5
39,35,5
39,42,5
39,48,5
39,65,5
39,83,5
39,84,5
39,93,5
40,40,0
40,15,1
40,7,2
40,14,2
40,17,2
40,19,2
40,20,2
40,31,2
40,60,2
40,85,2
40,86,2
40,87,2
40,90,2
40,6,3
40,3,3
40,9,3
40,10,3
40,36,3
40,5,3
40,8,3
40,11,3
40,29,3
40,35,3
40,42,3
40,48,3
40,65,3
40,83,3
40,84,3
40,93,3
40,2,3
40,1,4
40,4,4
40,34,4
40,77,4
40,0,4
40,25,4
40,30,4
40,71,4
40,81,4
40,24,4
40,32,4
40,41,4
40,44,4
40,46,4
40,56,4
40,66,4
40,98,4
40,12,4
40,13,4
40,52,4
40,18,4
40,37,4
40,75,4
40,21,4
40,50,4
40,51,4
40,54,4
40,63,4
40,69,4
40,72,4
40,79,4
40,80,4
40,82,4
40,96,4
40,16,4
40,23,4
40,26,4
40,27,4
40,43,4
40,49,4
40,58,4
40,59,4
40,62,4
40,64,4
40,67,4
40,73,4
40,74,4
40,76,4
40,91,4
40,94,4
40,95,4
40,97,4
40,47,5
40,70,5
40,78,5
40,28,5
40,57,5
40,61,5
40,89,5
40,88,5
40,22,5
40,38,5
40,45,5
40,53,5
40,68,5
40,92,5
40,99,5
40,33,5
40,39,5
40,55,5
41,41,0
41,9,1
41,6,2
41,4,2
41,7,2
41,17,2
41,20,2
41,24,2
41,32,2
41,44,2
41,46,2
41,56,2
41,66,2
41,98,2
41,11,2
41,12,2
41,13,2
41,14,2
41,1,3
41,10,3
41,34,3
41,77,3
41,5,3
41,8,3
41,3,3
41,2,3
41,16,3
41,47,3
41,70,3
41,78,3
41,15,3
41,36,3
41,23,3
41,26,3
41,27,3
41,43,3
41,49,3
41,58,3
41,59,3
41,62,3
41,64,3
41,67,3
41,73,3
41,74,3
41,76,3
41,91,3
41,94,3
41,95,3
41,97,3
41,0,3
41,88,3
41,22,3
41,38,3
41,45,3
41,53,3
41,68,3
41,92,3
41,99,3
41,19,3
41,29,3
41,35,3
41,42,3
41,48,3
41,65,3
41,83,3
41,84,3
41,93,3
41,52,4
41,18,4
41,37,4
41,75,4
41,21,4
41,50,4
41,51,4
41,54,4
41,63,4
41,69,4
41,72,4
41,79,4
41,80,4
41,82,4
41,96,4
41,25,4
41,30,4
41,71,4
41,81,4
41,31,4
41,40,4
41,60,4
41,85,4
41,86,4
41,87,4
41,90,4
41,28,4
41,57,4
41,61,4
41,89,4
41,33,5
41,39,5
41,55,5
42,42,0
42,14,1
42,5,2
42,3,2
42,15,2
42,19,2
42,29,2
42,35,2
42,48,2
42,65,2
42,83,2
42,84,2
42,93,2
42,9,2
42,1,3
42,37,3
42,75,3
42,11,3
42,6,3
42,7,3
42,10,3
42,13,3
42,0,3
42,2,3
42,4,3
42,25,3
42,30,3
42,71,3
42,81,3
42,17,3
42,20,3
42,31,3
42,40,3
42,60,3
42,85,3
42,86,3
42,87,3
42,90,3
42,24,3
42,32,3
42,41,3
42,44,3
42,46,3
42,56,3
42,66,3
42,98,3
42,12,3
42,8,4
42,16,4
42,23,4
42,26,4
42,27,4
42,43,4
42,49,4
42,58,4
42,59,4
42,62,4
42,64,4
42,67,4
42,73,4
42,74,4
42,76,4
42,91,4
42,94,4
42,95,4
42,97,4
42,34,4
42,77,4
42,36,4
42,52,4
42,18,4
42,22,4
42,38,4
42,45,4
42,53,4
42,68,4
42,92,4
42,99,4
42,28,4
42,57,4
42,61,4
42,89,4
42,47,4
42,70,4
42,78,4
42,88,4
42,21,5
42,50,5
42,51,5
42,54,5
42,63,5
42,69,5
42,72,5
42,79,5
42,80,5
42,82,5
42,96,5
42,33,5
42,39,5
42,55,5
43,43,0
43,11,1
43,6,2
43,2,2
43,3,2
43,4,2
43,12,2
43,13,2
43,16,2
43,23,2
43,26,2
43,27,2
43,49,2
43,58,2
43,59,2
43,62,2
43,64,2
43,67,2
43,73,2
43,74,2
43,76,2
43,91,2
43,94,2
43,95,2
43,97,2
43,5,2
43,9,2
43,7,2
43,17,2
43,1,3
43,10,3
43,34,3
43,77,3
43,8,3
43,0,3
43,18,3
43,20,3
43,14,3
43,25,3
43,30,3
43,71,3
43,81,3
43,47,3
43,70,3
43,78,3
43,88,3
43,22,3
43,38,3
43,45,3
43,53,3
43,68,3
43,92,3
43,99,3
43,19,3
43,37,3
43,75,3
43,24,3
43,32,3
43,41,3
43,44,3
43,46,3
43,56,3
43,66,3
43,98,3
43,15,3
43,36,3
43,52,4
43,21,4
43,50,4
43,51,4
43,54,4
43,63,4
43,69,4
43,72,4
43,79,4
43,80,4
43,82,4
43,96,4
43,28,4
43,57,4
43,61,4
43,89,4
43,33,4
43,39,4
43,55,4
43,29,4
43,35,4
43,42,4
43,48,4
43,65,4
43,83,4
43,84,4
43,93,4
43,31,4
43,40,4
43,60,4
43,85,4
43,86,4
43,87,4
43,90,4
44,44,0
44,9,1
44,6,2
44,4,2
44,7,2
44,17,2
44,20,2
44,24,2
44,32,2
44,41,2
44,46,2
44,56,2
44,66,2
44,98,2
44,11,2
44,12,2
44,13,2
44,14,2
44,1,3
44,10,3
44,34,3
44,77,3
44,5,3
44,8,3
44,3,3
44,2,3
44,16,3
44,47,3
44,70,3
44,78,3
44,15,3
44,36,3
44,23,3
44,26,3
44,27,3
44,43,3
44,49,3
44,58,3
44,59,3
44,62,3
44,64,3
44,67,3
44,73,3
44,74,3
44,76,3
44,91,3
44,94,3
44,95,3
44,97,3
44,0,3
44,88,3
44,22,3
44,38,3
44,45,3
44,53,3
44,68,3
44,92,3
44,99,3
44,19,3
44,29,3
44,35,3
44,42,3
44,48,3
44,65,3
44,83,3
44,84,3
44,93,3
44,52,4
44,18,4
44,37,4
44,75,4
44,21,4
44,50,4
44,51,4
44,54,4
44,63,4
44,69,4
44,72,4
44,79,4
44,80,4
44,82,4
44,96,4
44,25,4
44,30,4
44,71,4
44,81,4
44,31,4
44,40,4
44,60,4
44,85,4
44,86,4
44,87,4
44,90,4
44,28,4
44,57,4
44,61,4
44,89,4
44,33,5
44,39,5
44,55,5
45,45,0
45,13,1
45,2,2
45,11,2
45,22,2
45,38,2
45,53,2
45,68,2
45,92,2
45,99,2
45,5,2
45,9,2
45,0,3
45,1,3
45,3,3
45,4,3
45,18,3
45,20,3
45,6,3
45,12,3
45,16,3
45,23,3
45,26,3
45,27,3
45,43,3
45,49,3
45,58,3
45,59,3
45,62,3
45,64,3
45,67,3
45,73,3
45,74,3
45,76,3
45,91,3
45,94,3
45,95,3
45,97,3
45,7,3
45,17,3
45,14,3
45,19,3
45,37,3
45,75,3
45,10,3
45,24,3
45,32,3
45,41,3
45,44,3
45,46,3
45,56,3
45,66,3
45,98,3
45,28,4
45,57,4
45,61,4
45,89,4
45,8,4
45,25,4
45,30,4
45,71,4
45,81,4
45,47,4
45,70,4
45,78,4
45,33,4
45,39,4
45,55,4
45,15,4
45,34,4
45,77,4
45,88,4
45,36,4
45,29,4
45,35,4
45,42,4
45,48,4
45,65,4
45,83,4
45,84,4
45,93,4
45,52,4
45,21,5
45,50,5
45,51,5
45,54,5
45,63,5
45,69,5
45,72,5
45,79,5
45,80,5
45,82,5
45,96,5
45,31,5
45,40,5
45,60,5
45,85,5
45,86,5
45,87,5
45,90,5
46,46,0
46,9,1
46,6,2
46,4,2
46,7,2
46,17,2
46,20,2
46,24,2
46,32,2
46,41,2
46,44,2
46,56,2
46,66,2
46,98,2
46,11,2
46,12,2
46,13,2
46,14,2
46,1,3
46,10,3
46,34,3
46,77,3
46,5,3
46,8,3
46,3,3
46,2,3
46,16,3
46,47,3
46,70,3
46,78,3
46,15,3
46,36,3
46,23,3
46,26,3
46,27,3
46,43,3
46,49,3
46,58,3
46,59,3
46,62,3
46,64,3
46,67,3
46,73,3
46,74,3
46,76,3
46,91,3
46,94,3
46,95,3
46,97,3
46,0,3
46,88,3
46,22,3
46,38,3
46,45,3
46,53,3
46,68,3
46,92,3
46,99,3
46,19,3
46,29,3
46,35,3
46,42,3
46,48,3
46,65,3
46,83,3
46,84,3
46,93,3
46,52,4
46,18,4
46,37,4
46,75,4
46,21,4
46,50,4
46,51,4
46,54,4
46,63,4
46,69,4
46,72,4
46,79,4
46,80,4
46,82,4
46,96,4
46,25,4
46,30,4
46,71,4
46,81,4
46,31,4
46,40,4
46,60,4
46,85,4
46,86,4
46,87,4
46,90,4
46,28,4
46,57,4
46,61,4
46,89,4
46,33,5
46,39,5
46,55,5
47,47,0
47,4,1
47,3,2
47,1,2
47,2,2
47,6,2
47,9,2
47,11,2
47,16,2
47,70,2
47,78,2
47,0,3
47,7,3
47,14,3
47,25,3
47,30,3
47,71,3
47,81,3
47,5,3
47,8,3
47,13,3
47,18,3
47,20,3
47,10,3
47,34,3
47,77,3
47,17,3
47,24,3
47,32,3
47,41,3
47,44,3
47,46,3
47,56,3
47,66,3
47,98,3
47,12,3
47,23,3
47,26,3
47,27,3
47,43,3
47,49,3
47,58,3
47,59,3
47,62,3
47,64,3
47,67,3
47,73,3
47,74,3
47,76,3
47,91,3
47,94,3
47,95,3
47,97,3
47,28,4
47,57,4
47,61,4
47,89,4
47,15,4
47,36,4
47,19,4
47,29,4
47,35,4
47,42,4
47,48,4
47,65,4
47,83,4
47,84,4
47,93,4
47,37,4
47,75,4
47,21,4
47,50,4
47,51,4
47,54,4
47,63,4
47,69,4
47,72,4
47,79,4
47,80,4
47,82,4
47,96,4
47,22,4
47,38,4
47,45,4
47,53,4
47,68,4
47,92,4
47,99,4
47,33,4
47,39,4
47,55,4
47,52,4
47,88,4
47,31,5
47,40,5
47,60,5
47,85,5
47,86,5
47,87,5
47,90,5
48,48,0
48,14,1
48,5,2
48,3,2
48,15,2
48,19,2
48,29,2
48,35,2
48,42,2
48,65,2
48,83,2
48,84,2
48,93,2
48,9,2
48,1,3
48,37,3
48,75,3
48,11,3
48,6,3
48,7,3
48,10,3
48,13,3
48,0,3
48,2,3
48,4,3
48,25,3
48,30,3
48,71,3
48,81,3
48,17,3
48,20,3
48,31,3
48,40,3
48,60,3
48,85,3
48,86,3
48,87,3
48,90,3
48,24,3
48,32,3
48,41,3
48,44,3
48,46,3
48,56,3
48,66,3
48,98,3
48,12,3
48,8,4
48,16,4
48,23,4
48,26,4
48,27,4
48,43,4
48,49,4
48,58,4
48,59,4
48,62,4
48,64,4
48,67,4
48,73,4
48,74,4
48,76,4
48,91,4
48,94,4
48,95,4
48,97,4
48,34,4
48,77,4
48,36,4
48,52,4
48,18,4
48,22,4
48,38,4
48,45,4
48,53,4
48,68,4
48,92,4
48,99,4
48,28,4
48,57,4
48,61,4
48,89,4
48,47,4
48,70,4
48,78,4
48,88,4
48,21,5
48,50,5
48,51,5
48,54,5
48,63,5
48,69,5
48,72,5
48,79,5
48,80,5
48,82,5
48,96,5
48,33,5
48,39,5
48,55,5
49,49,0
49,11,1
49,6,2
49,2,2
49,3,2
49,4,2
49,12,2
49,13,2
49,16,2
49,23,2
49,26,2
49,27,2
49,43,2
49,58,2
49,59,2
49,62,2
49,64,2
49,67,2
49,73,2
49,74,2
49,76,2
49,91,2
49,94,2
49,95,2
49,97,2
49,5,2
49,9,2
49,7,2
49,17,2
49,1,3
49,10,3
49,34,3
49,77,3
49,8,3
49,0,3
49,18,3
49,20,3
49,14,3
49,25,3
49,30,3
49,71,3
49,81,3
49,47,3
49,70,3
49,78,3
49,88,3
49,22,3
49,38,3
49,45,3
49,53,3
49,68,3
49,92,3
49,99,3
49,19,3
49,37,3
49,75,3
49,24,3
49,32,3
49,41,3
49,44,3
49,46,3
49,56,3
49,66,3
49,98,3
49,15,3
49,36,3
49,52,4
49,21,4
49,50,4
49,51,4
49,54,4
49,63,4
49,69,4
49,72,4
49,79,4
49,80,4
49,82,4
49,96,4
49,28,4
49,57,4
49,61,4
49,89,4
49,33,4
49,39,4
49,55,4
49,29,4
49,35,4
49,42,4
49,48,4
49,65,4
49,83,4
49,84,4
49,93,4
49,31,4
49,40,4
49,60,4
49,85,4
49,86,4
49,87,4
49,90,4
50,50,0
50,8,1
50,1,2
50,18,2
50,21,2
50,51,2
50,54,2
50,63,2
50,69,2
50,72,2
50,79,2
50,80,2
50,82,2
50,96,2
50,6,2
50,7,2
50,0,3
50,2,3
50,3,3
50,4,3
50,5,3
50,33,3
50,39,3
50,55,3
50,10,3
50,9,3
50,11,3
50,34,3
50,77,3
50,15,3
50,17,3
50,36,3
50,12,4
50,16,4
50,28,4
50,57,4
50,61,4
50,89,4
50,13,4
50,20,4
50,14,4
50,25,4
50,30,4
50,71,4
50,81,4
50,47,4
50,70,4
50,78,4
50,19,4
50,37,4
50,75,4
50,52,4
50,24,4
50,32,4
50,41,4
50,44,4
50,46,4
50,56,4
50,66,4
50,98,4
50,23,4
50,26,4
50,27,4
50,43,4
50,49,4
50,58,4
50,59,4
50,62,4
50,64,4
50,67,4
50,73,4
50,74,4
50,76,4
50,91,4
50,94,4
50,95,4
50,97,4
50,31,4
50,40,4
50,60,4
50,85,4
50,86,4
50,87,4
50,90,4
50,88,5
50,22,5
50,38,5
50,45,5
50,53,5
50,68,5
50,92,5
50,99,5
50,29,5
50,35,5
50,42,5
50,48,5
50,65,5
50,83,5
50,84,5
50,93,5
51,51,0
51,8,1
51,1,2
51,18,2
51,21,2
51,50,2
51,54,2
51,63,2
51,69,2
51,72,2
51,79,2
51,80,2
51,82,2
51,96,2
51,6,2
51,7,2
51,0,3
51,2,3
51,3,3
51,4,3
51,5,3
51,33,3
51,39,3
51,55,3
51,10,3
51,9,3
51,11,3
51,34,3
51,77,3
51,15,3
51,17,3
51,36,3
51,12,4
51,16,4
51,28,4
51,57,4
51,61,4
51,89,4
51,13,4
51,20,4
51,14,4
51,25,4
51,30,4
51,71,4
51,81,4
51,47,4
51,70,4
51,78,4
51,19,4
51,37,4
51,75,4
51,52,4
51,24,4
51,32,4
51,41,4
51,44,4
51,46,4
51,56,4
51,66,4
51,98,4
51,23,4
51,26,4
51,27,4
51,43,4
51,49,4
51,58,4
51,59,4
51,62,4
51,64,4
51,67,4
51,73,4
51,74,4
51,76,4
51,91,4
51,94,4
51,95,4
51,97,4
51,31,4
51,40,4
51,60,4
51,85,4
51,86,4
51,87,4
51,90,4
51,88,5
51,22,5
51,38,5
51,45,5
51,53,5
51,68,5
51,92,5
51,99,5
51,29,5
51,35,5
51,42,5
51,48,5
51,65,5
51,83,5
51,84,5
51,93,5
52,52,0
52,10,1
52,6,2
52,7,2
52,5,2
52,18,2
52,1,3
52,4,3
52,9,3
52,11,3
52,34,3
52,77,3
52,8,3
52,3,3
52,15,3
52,17,3
52,36,3
52,14,3
52,19,3
52,37,3
52,75,3
52,13,3
52,2,3
52,33,3
52,39,3
52,55,3
52,0,4
52,16,4
52,47,4
52,70,4
52,78,4
52,20,4
52,24,4
52,32,4
52,41,4
52,44,4
52,46,4
52,56,4
52,66,4
52,98,4
52,12,4
52,23,4
52,26,4
52,27,4
52,43,4
52,49,4
52,58,4
52,59,4
52,62,4
52,64,4
52,67,4
52,73,4
52,74,4
52,76,4
52,91,4
52,94,4
52,95,4
52,97,4
52,21,4
52,50,4
52,51,4
52,54,4
52,63,4
52,69,4
52,72,4
52,79,4
52,80,4
52,82,4
52,96,4
52,25,4
52,30,4
52,71,4
52,81,4
52,31,4
52,40,4
52,60,4
52,85,4
52,86,4
52,87,4
52,90,4
52,29,4
52,35,4
52,42,4
52,48,4
52,65,4
52,83,4
52,84,4
52,93,4
52,22,4
52,38,4
52,45,4
52,53,4
52,68,4
52,92,4
52,99,4
52,28,5
52,57,5
52,61,5
52,89,5
52,88,5
53,53,0
53,13,1
53,2,2
53,11,2
53,22,2
53,38,2
53,45,2
53,68,2
53,92,2
53,99,2
53,5,2
53,9,2
53,0,3
53,1,3
53,3,3
53,4,3
53,18,3
53,20,3
53,6,3
53,12,3
53,16,3
53,23,3
53,26,3
53,27,3
53,43,3
53,49,3
53,58,3
53,59,3
53,62,3
53,64,3
53,67,3
53,73,3
53,74,3
53,76,3
53,91,3
53,94,3
53,95,3
53,97,3
53,7,3
53,17,3
53,14,3
53,19,3
53,37,3
53,75,3
53,10,3
53,24,3
53,32,3
53,41,3
53,44,3
53,46,3
53,56,3
53,66,3
53,98,3
53,28,4
53,57,4
53,61,4
53,89,4
53,8,4
53,25,4
53,30,4
53,71,4
53,81,4
53,47,4
53,70,4
53,78,4
53,33,4
53,39,4
53,55,4
53,15,4
53,34,4
53,77,4
53,88,4
53,36,4
53,29,4
53,35,4
53,42,4
53,48,4
53,65,4
53,83,4
53,84,4
53,93,4
53,52,4
53,21,5
53,50,5
53,51,5
53,54,5
53,63,5
53,69,5
53,72,5
53,79,5
53,80,5
53,82,5
53,96,5
53,31,5
53,40,5
53,60,5
53,85,5
53,86,5
53,87,5
53,90,5
54,54,0
54,8,1
54,1,2
54,18,2
54,21,2
54,50,2
54,51,2
54,63,2
54,69,2
54,72,2
54,79,2
54,80,2
54,82,2
54,96,2
54,6,2
54,7,2
54,0,3
54,2,3
54,3,3
54,4,3
54,5,3
54,33,3
54,39,3
54,55,3
54,10,3
54,9,3
54,11,3
54,34,3
54,77,3
54,15,3
54,17,3
54,36,3
54,12,4
54,16,4
54,28,4
54,57,4
54,61,4
54,89,4
54,13,4
54,20,4
54,14,4
54,25,4
54,30,4
54,71,4
54,81,4
54,47,4
54,70,4
54,78,4
54,19,4
54,37,4
54,75,4
54,52,4
54,24,4
54,32,4
54,41,4
54,44,4
54,46,4
54,56,4
54,66,4
54,98,4
54,23,4
54,26,4
54,27,4
54,43,4
54,49,4
54,58,4
54,59,4
54,62,4
54,64,4
54,67,4
54,73,4
54,74,4
54,76,4
54,91,4
54,94,4
54,95,4
54,97,4
54,31,4
54,40,4
54,60,4
54,85,4
54,86,4
54,87,4
54,90,4
54,88,5
54,22,5
54,38,5
54,45,5
54,53,5
54,68,5
54,92,5
54,99,5
54,29,5
54,35,5
54,42,5
54,48,5
54,65,5
54,83,5
54,84,5
54,93,5
55,55,0
55,18,1
55,8,2
55,2,2
55,33,2
55,39,2
55,10,2
55,1,3
55,21,3
55,50,3
55,51,3
55,54,3
55,63,3
55,69,3
55,72,3
55,79,3
55,80,3
55,82,3
55,96,3
55,6,3
55,7,3
55,0,3
55,3,3
55,4,3
55,11,3
55,13,3
55,20,3
55,52,3
55,5,3
55,9,4
55,34,4
55,77,4
55,15,4
55,17,4
55,36,4
55,12,4
55,16,4
55,28,4
55,57,4
55,61,4
55,89,4
55,14,4
55,25,4
55,30,4
55,71,4
55,81,4
55,47,4
55,70,4
55,78,4
55,23,4
55,26,4
55,27,4
55,43,4
55,49,4
55,58,4
55,59,4
55,62,4
55,64,4
55,67,4
55,73,4
55,74,4
55,76,4
55,91,4
55,94,4
55,95,4
55,97,4
55,22,4
55,38,4
55,45,4
55,53,4
55,68,4
55,92,4
55,99,4
55,19,4
55,37,4
55,75,4
55,24,5
55,32,5
55,41,5
55,44,5
55,46,5
55,56,5
55,66,5
55,98,5
55,31,5
55,40,5
55,60,5
55,85,5
55,86,5
55,87,5
55,90,5
55,88,5
55,29,5
55,35,5
55,42,5
55,48,5
55,65,5
55,83,5
55,84,5
55,93,5
56,56,0
56,9,1
56,6,2
56,4,2
56,7,2
56,17,2
56,20,2
56,24,2
56,32,2
56,41,2
56,44,2
56,46,2
56,66,2
56,98,2
56,11,2
56,12,2
56,13,2
56,14,2
56,1,3
56,10,3
56,34,3
56,77,3
56,5,3
56,8,3
56,3,3
56,2,3
56,16,3
56,47,3
56,70,3
56,78,3
56,15,3
56,36,3
56,23,3
56,26,3
56,27,3
56,43,3
56,49,3
56,58,3
56,59,3
56,62,3
56,64,3
56,67,3
56,73,3
56,74,3
56,76,3
56,91,3
56,94,3
56,95,3
56,97,3
56,0,3
56,88,3
56,22,3
56,38,3
56,45,3
56,53,3
56,68,3
56,92,3
56,99,3
56,19,3
56,29,3
56,35,3
56,42,3
56,48,3
56,65,3
56,83,3
56,84,3
56,93,3
56,52,4
56,18,4
56,37,4
56,75,4
56,21,4
56,50,4
56,51,4
56,54,4
56,63,4
56,69,4
56,72,4
56,79,4
56,80,4
56,82,4
56,96,4
56,25,4
56,30,4
56,71,4
56,81,4
56,31,4
56,40,4
56,60,4
56,85,4
56,86,4
56,87,4
56,90,4
56,28,4
56,57,4
56,61,4
56,89,4
56,33,5
56,39,5
56,55,5
57,57,0
57,0,1
57,1,2
57,2,2
57,3,2
57,12,2
57,16,2
57,28,2
57,61,2
57,89,2
57,4,3
57,5,3
57,6,3
57,8,3
57,11,3
57,13,3
57,18,3
57,20,3
57,7,3
57,14,3
57,25,3
57,30,3
57,71,3
57,81,3
57,88,3
57,9,3
57,47,4
57,70,4
57,78,4
57,19,4
57,37,4
57,75,4
57,10,4
57,34,4
57,77,4
57,21,4
57,50,4
57,51,4
57,54,4
57,63,4
57,69,4
57,72,4
57,79,4
57,80,4
57,82,4
57,96,4
57,23,4
57,26,4
57,27,4
57,43,4
57,49,4
57,58,4
57,59,4
57,62,4
57,64,4
57,67,4
57,73,4
57,74,4
57,76,4
57,91,4
57,94,4
57,95,4
57,97,4
57,17,4
57,22,4
57,38,4
57,45,4
57,53,4
57,68,4
57,92,4
57,99,4
57,33,4
57,39,4
57,55,4
57,15,4
57,36,4
57,29,4
57,35,4
57,42,4
57,48,4
57,65,4
57,83,4
57,84,4
57,93,4
57,24,4
57,32,4
57,41,4
57,44,4
57,46,4
57,56,4
57,66,4
57,98,4
57,52,5
57,31,5
57,40,5
57,60,5
57,85,5
57,86,5
57,87,5
57,90,5
58,58,0
58,11,1
58,6,2
58,2,2
58,3,2
58,4,2
58,12,2
58,13,2
58,16,2
58,23,2
58,26,2
58,27,2
58,43,2
58,49,2
58,59,2
58,62,2
58,64,2
58,67,2
58,73,2
58,74,2
58,76,2
58,91,2
58,94,2
58,95,2
58,97,2
58,5,2
58,9,2
58,7,2
58,17,2
58,1,3
58,10,3
58,34,3
58,77,3
58,8,3
58,0,3
58,18,3
58,20,3
58,14,3
58,25,3
58,30,3
58,71,3
58,81,3
58,47,3
58,70,3
58,78,3
58,88,3
58,22,3
58,38,3
58,45,3
58,53,3
58,68,3
58,92,3
58,99,3
58,19,3
58,37,3
58,75,3
58,24,3
58,32,3
58,41,3
58,44,3
58,46,3
58,56,3
58,66,3
58,98,3
58,15,3
58,36,3
58,52,4
58,21,4
58,50,4
58,51,4
58,54,4
58,63,4
58,69,4
58,72,4
58,79,4
58,80,4
58,82,4
58,96,4
58,28,4
58,57,4
58,61,4
58,89,4
58,33,4
58,39,4
58,55,4
58,29,4
58,35,4
58,42,4
58,48,4
58,65,4
58,83,4
58,84,4
58,93,4
58,31,4
58,40,4
58,60,4
58,85,4
58,86,4
58,87,4
58,90,4
59,59,0
59,11,1
59,6,2
59,2,2
59,3,2
59,4,2
59,12,2
59,13,2
59,16,2
59,23,2
59,26,2
59,27,2
59,43,2
59,49,2
59,58,2
59,62,2
59,64,2
59,67,2
59,73,2
59,74,2
59,76,2
59,91,2
59,94,2
59,95,2
59,97,2
59,5,2
59,9,2
59,7,2
59,17,2
59,1,3
59,10,3
59,34,3
59,77,3
59,8,3
59,0,3
59,18,3
59,20,3
59,14,3
59,25,3
59,30,3
59,71,3
59,81,3
59,47,3
59,70,3
59,78,3
59,88,3
59,22,3
59,38,3
59,45,3
59,53,3
59,68,3
59,92,3
59,99,3
59,19,3
59,37,3
59,75,3
59,24,3
59,32,3
59,41,3
59,44,3
59,46,3
59,56,3
59,66,3
59,98,3
59,15,3
59,36,3
59,52,4
59,21,4
59,50,4
59,51,4
59,54,4
59,63,4
59,69,4
59,72,4
59,79,4
59,80,4
59,82,4
59,96,4
59,28,4
59,57,4
59,61,4
59,89,4
59,33,4
59,39,4
59,55,4
59,29,4
59,35,4
59,42,4
59,48,4
59,65,4
59,83,4
59,84,4
59,93,4
59,31,4
59,40,4
59,60,4
59,85,4
59,86,4
59,87,4
59,90,4
60,60,0
60,15,1
60,7,2
60,14,2
60,17,2
60,19,2
60,20,2
60,31,2
60,40,2
60,85,2
60,86,2
60,87,2
60,90,2
60,6,3
60,3,3
60,9,3
60,10,3
60,36,3
60,5,3
60,8,3
60,11,3
60,29,3
60,35,3
60,42,3
60,48,3
60,65,3
60,83,3
60,84,3
60,93,3
60,2,3
60,1,4
60,4,4
60,34,4
60,77,4
60,0,4
60,25,4
60,30,4
60,71,4
60,81,4
60,24,4
60,32,4
60,41,4
60,44,4
60,46,4
60,56,4
60,66,4
60,98,4
60,12,4
60,13,4
60,52,4
60,18,4
60,37,4
60,75,4
60,21,4
60,50,4
60,51,4
60,54,4
60,63,4
60,69,4
60,72,4
60,79,4
60,80,4
60,82,4
60,96,4
60,16,4
60,23,4
60,26,4
60,27,4
60,43,4
60,49,4
60,58,4
60,59,4
60,62,4
60,64,4
60,67,4
60,73,4
60,74,4
60,76,4
60,91,4
60,94,4
60,95,4
60,97,4
60,47,5
60,70,5
60,78,5
60,28,5
60,57,5
60,61,5
60,89,5
60,88,5
60,22,5
60,38,5
60,45,5
60,53,5
60,68,5
60,92,5
60,99,5
60,33,5
60,39,5
60,55,5
61,61,0
61,0,1
61,1,2
61,2,2
61,3,2
61,12,2
61,16,2
61,28,2
61,57,2
61,89,2
61,4,3
61,5,3
61,6,3
61,8,3
61,11,3
61,13,3
61,18,3
61,20,3
61,7,3
61,14,3
61,25,3
61,30,3
61,71,3
61,81,3
61,88,3
61,9,3
61,47,4
61,70,4
61,78,4
61,19,4
61,37,4
61,75,4
61,10,4
61,34,4
61,77,4
61,21,4
61,50,4
61,51,4
61,54,4
61,63,4
61,69,4
61,72,4
61,79,4
61,80,4
61,82,4
61,96,4
61,23,4
61,26,4
61,27,4
61,43,4
61,49,4
61,58,4
61,59,4
61,62,4
61,64,4
61,67,4
61,73,4
61,74,4
61,76,4
61,91,4
61,94,4
61,95,4
61,97,4
61,17,4
61,22,4
61,38,4
61,45,4
61,53,4
61,68,4
61,92,4
61,99,4
61,33,4
61,39,4
61,55,4
61,15,4
61,36,4
61,29,4
61,35,4
61,42,4
61,48,4
61,65,4
61,83,4
61,84,4
61,93,4
61,24,4
61,32,4
61,41,4
61,44,4
61,46,4
61,56,4
61,66,4
61,98,4
61,52,5
61,31,5
61,40,5
61,60,5
61,85,5
61,86,5
61,87,5
61,90,5
62,62,0
62,11,1
62,6,2
62,2,2
62,3,2
62,4,2
62,12,2
62,13,2
62,16,2
62,23,2
62,26,2
62,27,2
62,43,2
62,49,2
62,58,2
62,59,2
62,64,2
62,67,2
62,73,2
62,74,2
62,76,2
62,91,2
62,94,2
62,95,2
62,97,2
62,5,2
62,9,2
62,7,2
62,17,2
62,1,3
62,10,3
62,34,3
62,77,3
62,8,3
62,0,3
62,18,3
62,20,3
62,14,3
62,25,3
62,30,3
62,71,3
62,81,3
62,47,3
62,70,3
62,78,3
62,88,3
62,22,3
62,38,3
62,45,3
62,53,3
62,68,3
62,92,3
62,99,3
62,19,3
62,37,3
62,75,3
62,24,3
62,32,3
62,41,3
62,44,3
62,46,3
62,56,3
62,66,3
62,98,3
62,15,3
62,36,3
62,52,4
62,21,4
62,50,4
62,51,4
62,54,4
62,63,4
62,69,4
62,72,4
62,79,4
62,80,4
62,82,4
62,96,4
62,28,4
62,57,4
62,61,4
62,89,4
62,33,4
62,39,4
62,55,4
62,29,4
62,35,4
62,42,4
62,48,4
62,65,4
62,83,4
62,84,4
62,93,4
62,31,4
62,40,4
62,60,4
62,85,4
62,86,4
62,87,4
62,90,4
63,63,0
63,8,1
63,1,2
63,18,2
63,21,2
63,50,2
63,51,2
63,54,2
63,69,2
63,72,2
63,79,2
63,80,2
63,82,2
63,96,2
63,6,2
63,7,2
63,0,3
63,2,3
63,3,3
63,4,3
63,5,3
63,33,3
63,39,3
63,55,3
63,10,3
63,9,3
63,11,3
63,34,3
63,77,3
63,15,3
63,17,3
63,36,3
63,12,4
63,16,4
63,28,4
63,57,4
63,61,4
63,89,4
63,13,4
63,20,4
63,14,4
63,25,4
63,30,4
63,71,4
63,81,4
63,47,4
63,70,4
63,78,4
63,19,4
63,37,4
63,75,4
63,52,4
63,24,4
63,32,4
63,41,4
63,44,4
63,46,4
63,56,4
63,66,4
63,98,4
63,23,4
63,26,4
63,27,4
63,43,4
63,49,4
63,58,4
63,59,4
63,62,4
63,64,4
63,67,4
63,73,4
63,74,4
63,76,4
63,91,4
63,94,4
63,95,4
63,97,4
63,31,4
63,40,4
63,60,4
63,85,4
63,86,4
63,87,4
63,90,4
63,88,5
63,22,5
63,38,5
63,45,5
63,53,5
63,68,5
63,92,5
63,99,5
63,29,5
63,35,5
63,42,5
63,48,5
63,65,5
63,83,5
63,84,5
63,93,5
64,64,0
64,11,1
64,6,2
64,2,2
64,3,2
64,4,2
64,12,2
64,13,2
64,16,2
64,23,2
64,26,2
64,27,2
64,43,2
64,49,2
64,58,2
64,59,2
64,62,2
64,67,2
64,73,2
64,74,2
64,76,2
64,91,2
64,94,2
64,95,2
64,97,2
64,5,2
64,9,2
64,7,2
64,17,2
64,1,3
64,10,3
64,34,3
64,77,3
64,8,3
64,0,3
64,18,3
64,20,3
64,14,3
64,25,3
64,30,3
64,71,3
64,81,3
64,47,3
64,70,3
64,78,3
64,88,3
64,22,3
64,38,3
64,45,3
64,53,3
64,68,3
64,92,3
64,99,3
64,19,3
64,37,3
64,75,3
64,24,3
64,32,3
64,41,3
64,44,3
64,46,3
64,56,3
64,66,3
64,98,3
64,15,3
64,36,3
64,52,4
64,21,4
64,50,4
64,51,4
64,54,4
64,63,4
64,69,4
64,72,4
64,79,4
64,80,4
64,82,4
64,96,4
64,28,4
64,57,4
64,61,4
64,89,4
64,33,4
64,39,4
64,55,4
64,29,4
64,35,4
64,42,4
64,48,4
64,65,4
64,83,4
64,84,4
64,93,4
64,31,4
64,40,4
64,60,4
64,85,4
64,86,4
64,87,4
64,90,4
65,65,0
65,14,1
65,5,2
65,3,2
65,15,2
65,19,2
65,29,2
65,35,2
65,42,2
65,48,2
65,83,2
65,84,2
65,93,2
65,9,2
65,1,3
65,37,3
65,75,3
65,11,3
65,6,3
65,7,3
65,10,3
65,13,3
65,0,3
65,2,3
65,4,3
65,25,3
65,30,3
65,71,3
65,81,3
65,17,3
65,20,3
65,31,3
65,40,3
65,60,3
65,85,3
65,86,3
65,87,3
65,90,3
65,24,3
65,32,3
65,41,3
65,44,3
65,46,3
65,56,3
65,66,3
65,98,3
65,12,3
65,8,4
65,16,4
65,23,4
65,26,4
65,27,4
65,43,4
65,49,4
65,58,4
65,59,4
65,62,4
65,64,4
65,67,4
65,73,4
65,74,4
65,76,4
65,91,4
65,94,4
65,95,4
65,97,4
65,34,4
65,77,4
65,36,4
65,52,4
65,18,4
65,22,4
65,38,4
65,45,4
65,53,4
65,68,4
65,92,4
65,99,4
65,28,4
65,57,4
65,61,4
65,89,4
65,47,4
65,70,4
65,78,4
65,88,4
65,21,5
65,50,5
65,51,5
65,54,5
65,63,5
65,69,5
65,72,5
65,79,5
65,80,5
65,82,5
65,96,5
65,33,5
65,39,5
65,55,5
66,66,0
66,9,1
66,6,2
66,4,2
66,7,2
66,17,2
66,20,2
66,24,2
66,32,2
66,41,2
66,44,2
66,46,2
66,56,2
66,98,2
66,11,2
66,12,2
66,13,2
66,14,2
66,1,3
66,10,3
66,34,3
66,77,3
66,5,3
66,8,3
66,3,3
66,2,3
66,16,3
66,47,3
66,70,3
66,78,3
66,15,3
66,36,3
66,23,3
66,26,3
66,27,3
66,43,3
66,49,3
66,58,3
66,59,3
66,62,3
66,64,3
66,67,3
66,73,3
66,74,3
66,76,3
66,91,3
66,94,3
66,95,3
66,97,3
66,0,3
66,88,3
66,22,3
66,38,3
66,45,3
66,53,3
66,68,3
66,92,3
66,99,3
66,19,3
66,29,3
66,35,3
66,42,3
66,48,3
66,65,3
66,83,3
66,84,3
66,93,3
66,52,4
66,18,4
66,37,4
66,75,4
66,21,4
66,50,4
66,51,4
66,54,4
66,63,4
66,69,4
66,72,4
66,79,4
66,80,4
66,82,4
66,96,4
66,25,4
66,30,4
66,71,4
66,81,4
66,31,4
66,40,4
66,60,4
66,85,4
66,86,4
66,87,4
66,90,4
66,28,4
66,57,4
66,61,4
66,89,4
66,33,5
66,39,5
66,55,5
67,67,0
67,11,1
67,6,2
67,2,2
67,3,2
67,4,2
67,12,2
67,13,2
67,16,2
67,23,2
67,26,2
67,27,2
67,43,2
67,49,2
67,58,2
67,59,2
67,62,2
67,64,2
67,73,2
67,74,2
67,76,2
67,91,2
67,94,2
67,95,2
67,97,2
67,5,2
67,9,2
67,7,2
67,17,2
67,1,3
67,10,3
67,34,3
67,77,3
67,8,3
67,0,3
67,18,3
67,20,3
67,14,3
67,25,3
67,30,3
67,71,3
67,81,3
67,47,3
67,70,3
67,78,3
67,88,3
67,22,3
67,38,3
67,45,3
67,53,3
67,68,3
67,92,3
67,99,3
67,19,3
67,37,3
67,75,3
67,24,3
67,32,3
67,41,3
67,44,3
67,46,3
67,56,3
67,66,3
67,98,3
67,15,3
67,36,3
67,52,4
67,21,4
67,50,4
67,51,4
67,54,4
67,63,4
67,69,4
67,72,4
67,79,4
67,80,4
67,82,4
67,96,4
67,28,4
67,57,4
67,61,4
67,89,4
67,33,4
67,39,4
67,55,4
67,29,4
67,35,4
67,42,4
67,48,4
67,65,4
67,83,4
67,84,4
67,93,4
67,31,4
67,40,4
67,60,4
67,85,4
67,86,4
67,87,4
67,90,4
68,68,0
68,13,1
68,2,2
68,11,2
68,22,2
68,38,2
68,45,2
68,53,2
68,92,2
68,99,2
68,5,2
68,9,2
68,0,3
68,1,3
68,3,3
68,4,3
68,18,3
68,20,3
68,6,3
68,12,3
68,16,3
68,23,3
68,26,3
68,27,3
68,43,3
68,49,3
68,58,3
68,59,3
68,62,3
68,64,3
68,67,3
68,73,3
68,74,3
68,76,3
68,91,3
68,94,3
68,95,3
68,97,3
68,7,3
68,17,3
68,14,3
68,19,3
68,37,3
68,75,3
68,10,3
68,24,3
68,32,3
68,41,3
68,44,3
68,46,3
68,56,3
68,66,3
68,98,3
68,28,4
68,57,4
68,61,4
68,89,4
68,8,4
68,25,4
68,30,4
68,71,4
68,81,4
68,47,4
68,70,4
68,78,4
68,33,4
68,39,4
68,55,4
68,15,4
68,34,4
68,77,4
68,88,4
68,36,4
68,29,4
68,35,4
68,42,4
68,48,4
68,65,4
68,83,4
68,84,4
68,93,4
68,52,4
68,21,5
68,50,5
68,51,5
68,54,5
68,63,5
68,69,5
68,72,5
68,79,5
68,80,5
68,82,5
68,96,5
68,31,5
68,40,5
68,60,5
68,85,5
68,86,5
68,87,5
68,90,5
69,69,0
69,8,1
69,1,2
69,18,2
69,21,2
69,50,2
69,51,2
69,54,2
69,63,2
69,72,2
69,79,2
69,80,2
69,82,2
69,96,2
69,6,2
69,7,2
69,0,3
69,2,3
69,3,3
69,4,3
69,5,3
69,33,3
69,39,3
69,55,3
69,10,3
69,9,3
69,11,3
69,34,3
69,77,3
69,15,3
69,17,3
69,36,3
69,12,4
69,16,4
69,28,4
69,57,4
69,61,4
69,89,4
69,13,4
69,20,4
69,14,4
69,25,4
69,30,4
69,71,4
69,81,4
69,47,4
69,70,4
69,78,4
69,19,4
69,37,4
69,75,4
69,52,4
69,24,4
69,32,4
69,41,4
69,44,4
69,46,4
69,56,4
69,66,4
69,98,4
69,23,4
69,26,4
69,27,4
69,43,4
69,49,4
69,58,4
69,59,4
69,62,4
69,64,4
69,67,4
69,73,4
69,74,4
69,76,4
69,91,4
69,94,4
69,95,4
69,97,4
69,31,4
69,40,4
69,60,4
69,85,4
69,86,4
69,87,4
69,90,4
69,88,5
69,22,5
69,38,5
69,45,5
69,53,5
69,68,5
69,92,5
69,99,5
69,29,5
69,35,5
69,42,5
69,48,5
69,65,5
69,83,5
69,84,5
69,93,5
70,70,0
70,4,1
70,3,2
70,1,2
70,2,2
70,6,2
70,9,2
70,11,2
70,16,2
70,47,2
70,78,2
70,0,3
70,7,3
70,14,3
70,25,3
70,30,3
70,71,3
70,81,3
70,5,3
70,8,3
70,13,3
70,18,3
70,20,3
70,10,3
70,34,3
70,77,3
70,17,3
70,24,3
70,32,3
70,41,3
70,44,3
70,46,3
70,56,3
70,66,3
70,98,3
70,12,3
70,23,3
70,26,3
70,27,3
70,43,3
70,49,3
70,58,3
70,59,3
70,62,3
70,64,3
70,67,3
70,73,3
70,74,3
70,76,3
70,91,3
70,94,3
70,95,3
70,97,3
70,28,4
70,57,4
70,61,4
70,89,4
70,15,4
70,36,4
70,19,4
70,29,4
70,35,4
70,42,4
70,48,4
70,65,4
70,83,4
70,84,4
70,93,4
70,37,4
70,75,4
70,21,4
70,50,4
70,51,4
70,54,4
70,63,4
70,69,4
70,72,4
70,79,4
70,80,4
70,82,4
70,96,4
70,22,4
70,38,4
70,45,4
70,53,4
70,68,4
70,92,4
70,99,4
70,33,4
70,39,4
70,55,4
70,52,4
70,88,4
70,31,5
70,40,5
70,60,5
70,85,5
70,86,5
70,87,5
70,90,5
71,71,0
71,3,1
71,0,2
71,1,2
71,2,2
71,4,2
71,7,2
71,11,2
71,14,2
71,25,2
71,30,2
71,81,2
71,12,3
71,16,3
71,28,3
71,57,3
71,61,3
71,89,3
71,5,3
71,6,3
71,8,3
71,13,3
71,18,3
71,20,3
71,9,3
71,47,3
71,70,3
71,78,3
71,10,3
71,15,3
71,17,3
71,36,3
71,23,3
71,26,3
71,27,3
71,43,3
71,49,3
71,58,3
71,59,3
71,62,3
71,64,3
71,67,3
71,73,3
71,74,3
71,76,3
71,91,3
71,94,3
71,95,3
71,97,3
71,19,3
71,29,3
71,35,3
71,42,3
71,48,3
71,65,3
71,83,3
71,84,3
71,93,3
71,88,4
71,37,4
71,75,4
71,34,4
71,77,4
71,21,4
71,50,4
71,51,4
71,54,4
71,63,4
71,69,4
71,72,4
71,79,4
71,80,4
71,82,4
71,96,4
71,22,4
71,38,4
71,45,4
71,53,4
71,68,4
71,92,4
71,99,4
71,33,4
71,39,4
71,55,4
71,24,4
71,32,4
71,41,4
71,44,4
71,46,4
71,56,4
71,66,4
71,98,4
71,52,4
71,31,4
71,40,4
71,60,4
71,85,4
71,86,4
71,87,4
71,90,4
72,72,0
72,8,1
72,1,2
72,18,2
72,21,2
72,50,2
72,51,2
72,54,2
72,63,2
72,69,2
72,79,2
72,80,2
72,82,2
72,96,2
72,6,2
72,7,2
72,0,3
72,2,3
72,3,3
72,4,3
72,5,3
72,33,3
72,39,3
72,55,3
72,10,3
72,9,3
72,11,3
72,34,3
72,77,3
72,15,3
72,17,3
72,36,3
72,12,4
72,16,4
72,28,4
72,57,4
72,61,4
72,89,4
72,13,4
72,20,4
72,14,4
72,25,4
72,30,4
72,71,4
72,81,4
72,47,4
72,70,4
72,78,4
72,19,4
72,37,4
72,75,4
72,52,4
72,24,4
72,32,4
72,41,4
72,44,4
72,46,4
72,56,4
72,66,4
72,98,4
72,23,4
72,26,4
72,27,4
72,43,4
72,49,4
72,58,4
72,59,4
72,62,4
72,64,4
72,67,4
72,73,4
72,74,4
72,76,4
72,91,4
72,94,4
72,95,4
72,97,4
72,31,4
72,40,4
72,60,4
72,85,4
72,86,4
72,87,4
72,90,4
72,88,5
72,22,5
72,38,5
72,45,5
72,53,5
72,68,5
72,92,5
72,99,5
72,29,5
72,35,5
72,42,5
72,48,5
72,65,5
72,83,5
72,84,5
72,93,5
73,73,0
73,11,1
73,6,2
73,2,2
73,3,2
73,4,2
73,12,2
73,13,2
73,16,2
73,23,2
73,26,2
73,27,2
73,43,2
73,49,2
73,58,2
73,59,2
73,62,2
73,64,2
73,67,2
73,74,2
73,76,2
73,91,2
73,94,2
73,95,2
73,97,2
73,5,2
73,9,2
73,7,2
73,17,2
73,1,3
73,10,3
73,34,3
73,77,3
73,8,3
73,0,3
73,18,3
73,20,3
73,14,3
73,25,3
73,30,3
73,71,3
73,81,3
73,47,3
73,70,3
73,78,3
73,88,3
73,22,3
73,38,3
73,45,3
73,53,3
73,68,3
73,92,3
73,99,3
73,19,3
73,37,3
73,75,3
73,24,3
73,32,3
73,41,3
73,44,3
73,46,3
73,56,3
73,66,3
73,98,3
73,15,3
73,36,3
73,52,4
73,21,4
73,50,4
73,51,4
73,54,4
73,63,4
73,69,4
73,72,4
73,79,4
73,80,4
73,82,4
73,96,4
73,28,4
73,57,4
73,61,4
73,89,4
73,33,4
73,39,4
73,55,4
73,29,4
73,35,4
73,42,4
73,48,4
73,65,4
73,83,4
73,84,4
73,93,4
73,31,4
73,40,4
73,60,4
73,85,4
73,86,4
73,87,4
73,90,4
74,74,0
74,11,1
74,6,2
74,2,2
74,3,2
74,4,2
74,12,2
74,13,2
74,16,2
74,23,2
74,26,2
74,27,2
74,43,2
74,49,2
74,58,2
74,59,2
74,62,2
74,64,2
74,67,2
74,73,2
74,76,2
74,91,2
74,94,2
74,95,2
74,97,2
74,5,2
74,9,2
74,7,2
74,17,2
74,1,3
74,10,3
74,34,3
74,77,3
74,8,3
74,0,3
74,18,3
74,20,3
74,14,3
74,25,3
74,30,3
74,71,3
74,81,3
74,47,3
74,70,3
74,78,3
74,88,3
74,22,3
74,38,3
74,45,3
74,53,3
74,68,3
74,92,3
74,99,3
74,19,3
74,37,3
74,75,3
74,24,3
74,32,3
74,41,3
74,44,3
74,46,3
74,56,3
74,66,3
74,98,3
74,15,3
74,36,3
74,52,4
74,21,4
74,50,4
74,51,4
74,54,4
74,63,4
74,69,4
74,72,4
74,79,4
74,80,4
74,82,4
74,96,4
74,28,4
74,57,4
74,61,4
74,89,4
74,33,4
74,39,4
74,55,4
74,29,4
74,35,4
74,42,4
74,48,4
74,65,4
74,83,4
74,84,4
74,93,4
74,31,4
74,40,4
74,60,4
74,85,4
74,86,4
74,87,4
74,90,4
75,75,0
75,5,1
75,1,2
75,14,2
75,19,2
75,37,2
75,11,2
75,6,2
75,7,2
75,10,2
75,13,2
75,0,3
75,2,3
75,3,3
75,4,3
75,8,3
75,15,3
75,29,3
75,35,3
75,42,3
75,48,3
75,65,3
75,83,3
75,84,3
75,93,3
75,9,3
75,12,3
75,16,3
75,23,3
75,26,3
75,27,3
75,43,3
75,49,3
75,58,3
75,59,3
75,62,3
75,64,3
75,67,3
75,73,3
75,74,3
75,76,3
75,91,3
75,94,3
75,95,3
75,97,3
75,17,3
75,34,3
75,77,3
75,36,3
75,52,3
75,18,3
75,22,3
75,38,3
75,45,3
75,53,3
75,68,3
75,92,3
75,99,3
75,28,4
75,57,4
75,61,4
75,89,4
75,20,4
75,25,4
75,30,4
75,71,4
75,81,4
75,47,4
75,70,4
75,78,4
75,21,4
75,50,4
75,51,4
75,54,4
75,63,4
75,69,4
75,72,4
75,79,4
75,80,4
75,82,4
75,96,4
75,31,4
75,40,4
75,60,4
75,85,4
75,86,4
75,87,4
75,90,4
75,24,4
75,32,4
75,41,4
75,44,4
75,46,4
75,56,4
75,66,4
75,98,4
75,88,4
75,33,4
75,39,4
75,55,4
76,76,0
76,11,1
76,6,2
76,2,2
76,3,2
76,4,2
76,12,2
76,13,2
76,16,2
76,23,2
76,26,2
76,27,2
76,43,2
76,49,2
76,58,2
76,59,2
76,62,2
76,64,2
76,67,2
76,73,2
76,74,2
76,91,2
76,94,2
76,95,2
76,97,2
76,5,2
76,9,2
76,7,2
76,17,2
76,1,3
76,10,3
76,34,3
76,77,3
76,8,3
76,0,3
76,18,3
76,20,3
76,14,3
76,25,3
76,30,3
76,71,3
76,81,3
76,47,3
76,70,3
76,78,3
76,88,3
76,22,3
76,38,3
76,45,3
76,53,3
76,68,3
76,92,3
76,99,3
76,19,3
76,37,3
76,75,3
76,24,3
76,32,3
76,41,3
76,44,3
76,46,3
76,56,3
76,66,3
76,98,3
76,15,3
76,36,3
76,52,4
76,21,4
76,50,4
76,51,4
76,54,4
76,63,4
76,69,4
76,72,4
76,79,4
76,80,4
76,82,4
76,96,4
76,28,4
76,57,4
76,61,4
76,89,4
76,33,4
76,39,4
76,55,4
76,29,4
76,35,4
76,42,4
76,48,4
76,65,4
76,83,4
76,84,4
76,93,4
76,31,4
76,40,4
76,60,4
76,85,4
76,86,4
76,87,4
76,90,4
77,77,0
77,6,1
77,1,2
77,4,2
77,7,2
77,9,2
77,10,2
77,11,2
77,34,2
77,5,2
77,8,2
77,0,3
77,2,3
77,3,3
77,16,3
77,47,3
77,70,3
77,78,3
77,15,3
77,17,3
77,36,3
77,20,3
77,24,3
77,32,3
77,41,3
77,44,3
77,46,3
77,56,3
77,66,3
77,98,3
77,12,3
77,13,3
77,14,3
77,52,3
77,18,3
77,23,3
77,26,3
77,27,3
77,43,3
77,49,3
77,58,3
77,59,3
77,62,3
77,64,3
77,67,3
77,73,3
77,74,3
77,76,3
77,91,3
77,94,3
77,95,3
77,97,3
77,19,3
77,37,3
77,75,3
77,21,3
77,50,3
77,51,3
77,54,3
77,63,3
77,69,3
77,72,3
77,79,3
77,80,3
77,82,3
77,96,3
77,28,4
77,57,4
77,61,4
77,89,4
77,25,4
77,30,4
77,71,4
77,81,4
77,31,4
77,40,4
77,60,4
77,85,4
77,86,4
77,87,4
77,90,4
77,88,4
77,22,4
77,38,4
77,45,4
77,53,4
77,68,4
77,92,4
77,99,4
77,29,4
77,35,4
77,42,4
77,48,4
77,65,4
77,83,4
77,84,4
77,93,4
77,33,4
77,39,4
77,55,4
78,78,0
78,4,1
78,3,2
78,1,2
78,2,2
78,6,2
78,9,2
78,11,2
78,16,2
78,47,2
78,70,2
78,0,3
78,7,3
78,14,3
78,25,3
78,30,3
78,71,3
78,81,3
78,5,3
78,8,3
78,13,3
78,18,3
78,20,3
78,10,3
78,34,3
78,77,3
78,17,3
78,24,3
78,32,3
78,41,3
78,44,3
78,46,3
78,56,3
78,66,3
78,98,3
78,12,3
78,23,3
78,26,3
78,27,3
78,43,3
78,49,3
78,58,3
78,59,3
78,62,3
78,64,3
78,67,3
78,73,3
78,74,3
78,76,3
78,91,3
78,94,3
78,95,3
78,97,3
78,28,4
78,57,4
78,61,4
78,89,4
78,15,4
78,36,4
78,19,4
78,29,4
78,35,4
78,42,4
78,48,4
78,65,4
78,83,4
78,84,4
78,93,4
78,37,4
78,75,4
78,21,4
78,50,4
78,51,4
78,54,4
78,63,4
78,69,4
78,72,4
78,79,4
78,80,4
78,82,4
78,96,4
78,22,4
78,38,4
78,45,4
78,53,4
78,68,4
78,92,4
78,99,4
78,33,4
78,39,4
78,55,4
78,52,4
78,88,4
78,31,5
78,40,5
78,60,5
78,85,5
78,86,5
78,87,5
78,90,5
79,79,0
79,8,1
79,1,2
79,18,2
79,21,2
79,50,2
79,51,2
79,54,2
79,63,2
79,69,2
79,72,2
79,80,2
79,82,2
79,96,2
79,6,2
79,7,2
79,0,3
79,2,3
79,3,3
79,4,3
79,5,3
79,33,3
79,39,3
79,55,3
79,10,3
79,9,3
79,11,3
79,34,3
79,77,3
79,15,3
79,17,3
79,36,3
79,12,4
79,16,4
79,28,4
79,57,4
79,61,4
79,89,4
79,13,4
79,20,4
79,14,4
79,25,4
79,30,4
79,71,4
79,81,4
79,47,4
79,70,4
79,78,4
79,19,4
79,37,4
79,75,4
79,52,4
79,24,4
79,32,4
79,41,4
79,44,4
79,46,4
79,56,4
79,66,4
79,98,4
79,23,4
79,26,4
79,27,4
79,43,4
79,49,4
79,58,4
79,59,4
79,62,4
79,64,4
79,67,4
79,73,4
79,74,4
79,76,4
79,91,4
79,94,4
79,95,4
79,97,4
79,31,4
79,40,4
79,60,4
79,85,4
79,86,4
79,87,4
79,90,4
79,88,5
79,22,5
79,38,5
79,45,5
79,53,5
79,68,5
79,92,5
79,99,5
79,29,5
79,35,5
79,42,5
79,48,5
79,65,5
79,83,5
79,84,5
79,93,5
80,80,0
80,8,1
80,1,2
80,18,2
80,21,2
80,50,2
80,51,2
80,54,2
80,63,2
80,69,2
80,72,2
80,79,2
80,82,2
80,96,2
80,6,2
80,7,2
80,0,3
80,2,3
80,3,3
80,4,3
80,5,3
80,33,3
80,39,3
80,55,3
80,10,3
80,9,3
80,11,3
80,34,3
80,77,3
80,15,3
80,17,3
80,36,3
80,12,4
80,16,4
80,28,4
80,57,4
80,61,4
80,89,4
80,13,4
80,20,4
80,14,4
80,25,4
80,30,4
80,71,4
80,81,4
80,47,4
80,70,4
80,78,4
80,19,4
80,37,4
80,75,4
80,52,4
80,24,4
80,32,4
80,41,4
80,44,4
80,46,4
80,56,4
80,66,4
80,98,4
80,23,4
80,26,4
80,27,4
80,43,4
80,49,4
80,58,4
80,59,4
80,62,4
80,64,4
80,67,4
80,73,4
80,74,4
80,76,4
80,91,4
80,94,4
80,95,4
80,97,4
80,31,4
80,40,4
80,60,4
80,85,4
80,86,4
80,87,4
80,90,4
80,88,5
80,22,5
80,38,5
80,45,5
80,53,5
80,68,5
80,92,5
80,99,5
80,29,5
80,35,5
80,42,5
80,48,5
80,65,5
80,83,5
80,84,5
80,93,5
81,81,0
81,3,1
81,0,2
81,1,2
81,2,2
81,4,2
81,7,2
81,11,2
81,14,2
81,25,2
81,30,2
81,71,2
81,12,3
81,16,3
81,28,3
81,57,3
81,61,3
81,89,3
81,5,3
81,6,3
81,8,3
81,13,3
81,18,3
81,20,3
81,9,3
81,47,3
81,70,3
81,78,3
81,10,3
81,15,3
81,17,3
81,36,3
81,23,3
81,26,3
81,27,3
81,43,3
81,49,3
81,58,3
81,59,3
81,62,3
81,64,3
81,67,3
81,73,3
81,74,3
81,76,3
81,91,3
81,94,3
81,95,3
81,97,3
81,19,3
81,29,3
81,35,3
81,42,3
81,48,3
81,65,3
81,83,3
81,84,3
81,93,3
81,88,4
81,37,4
81,75,4
81,34,4
81,77,4
81,21,4
81,50,4
81,51,4
81,54,4
81,63,4
81,69,4
81,72,4
81,79,4
81,80,4
81,82,4
81,96,4
81,22,4
81,38,4
81,45,4
81,53,4
81,68,4
81,92,4
81,99,4
81,33,4
81,39,4
81,55,4
81,24,4
81,32,4
81,41,4
81,44,4
81,46,4
81,56,4
81,66,4
81,98,4
81,52,4
81,31,4
81,40,4
81,60,4
81,85,4
81,86,4
81,87,4
81,90,4
82,82,0
82,8,1
82,1,2
82,18,2
82,21,2
82,50,2
82,51,2
82,54,2
82,63,2
82,69,2
82,72,2
82,79,2
82,80,2
82,96,2
82,6,2
82,7,2
82,0,3
82,2,3
82,3,3
82,4,3
82,5,3
82,33,3
82,39,3
82,55,3
82,10,3
82,9,3
82,11,3
82,34,3
82,77,3
82,15,3
82,17,3
82,36,3
82,12,4
82,16,4
82,28,4
82,57,4
82,61,4
82,89,4
82,13,4
82,20,4
82,14,4
82,25,4
82,30,4
82,71,4
82,81,4
82,47,4
82,70,4
82,78,4
82,19,4
82,37,4
82,75,4
82,52,4
82,24,4
82,32,4
82,41,4
82,44,4
82,46,4
82,56,4
82,66,4
82,98,4
82,23,4
82,26,4
82,27,4
82,43,4
82,49,4
82,58,4
82,59,4
82,62,4
82,64,4
82,67,4
82,73,4
82,74,4
82,76,4
82,91,4
82,94,4
82,95,4
82,97,4
82,31,4
82,40,4
82,60,4
82,85,4
82,86,4
82,87,4
82,90,4
82,88,5
82,22,5
82,38,5
82,45,5
82,53,5
82,68,5
82,92,5
82,99,5
82,29,5
82,35,5
82,42,5
82,48,5
82,65,5
82,83,5
82,84,5
82,93,5
83,83,0
83,14,1
83,5,2
83,3,2
83,15,2
83,19,2
83,29,2
83,35,2
83,42,2
83,48,2
83,65,2
83,84,2
83,93,2
83,9,2
83,1,3
83,37,3
83,75,3
83,11,3
83,6,3
83,7,3
83,10,3
83,13,3
83,0,3
83,2,3
83,4,3
83,25,3
83,30,3
83,71,3
83,81,3
83,17,3
83,20,3
83,31,3
83,40,3
83,60,3
83,85,3
83,86,3
83,87,3
83,90,3
83,24,3
83,32,3
83,41,3
83,44,3
83,46,3
83,56,3
83,66,3
83,98,3
83,12,3
83,8,4
83,16,4
83,23,4
83,26,4
83,27,4
83,43,4
83,49,4
83,58,4
83,59,4
83,62,4
83,64,4
83,67,4
83,73,4
83,74,4
83,76,4
83,91,4
83,94,4
83,95,4
83,97,4
83,34,4
83,77,4
83,36,4
83,52,4
83,18,4
83,22,4
83,38,4
83,45,4
83,53,4
83,68,4
83,92,4
83,99,4
83,28,4
83,57,4
83,61,4
83,89,4
83,47,4
83,70,4
83,78,4
83,88,4
83,21,5
83,50,5
83,51,5
83,54,5
83,63,5
83,69,5
83,72,5
83,79,5
83,80,5
83,82,5
83,96,5
83,33,5
83,39,5
83,55,5
84,84,0
84,14,1
84,5,2
84,3,2
84,15,2
84,19,2
84,29,2
84,35,2
84,42,2
84,48,2
84,65,2
84,83,2
84,93,2
84,9,2
84,1,3
84,37,3
84,75,3
84,11,3
84,6,3
84,7,3
84,10,3
84,13,3
84,0,3
84,2,3
84,4,3
84,25,3
84,30,3
84,71,3
84,81,3
84,17,3
84,20,3
84,31,3
84,40,3
84,60,3
84,85,3
84,86,3
84,87,3
84,90,3
84,24,3
84,32,3
84,41,3
84,44,3
84,46,3
84,56,3
84,66,3
84,98,3
84,12,3
84,8,4
84,16,4
84,23,4
84,26,4
84,27,4
84,43,4
84,49,4
84,58,4
84,59,4
84,62,4
84,64,4
84,67,4
84,73,4
84,74,4
84,76,4
84,91,4
84,94,4
84,95,4
84,97,4
84,34,4
84,77,4
84,36,4
84,52,4
84,18,4
84,22,4
84,38,4
84,45,4
84,53,4
84,68,4
84,92,4
84,99,4
84,28,4
84,57,4
84,61,4
84,89,4
84,47,4
84,70,4
84,78,4
84,88,4
84,21,5
84,50,5
84,51,5
84,54,5
84,63,5
84,69,5
84,72,5
84,79,5
84,80,5
84,82,5
84,96,5
84,33,5
84,39,5
84,55,5
85,85,0
85,15,1
85,7,2
85,14,2
85,17,2
85,19,2
85,20,2
85,31,2
85,40,2
85,60,2
85,86,2
85,87,2
85,90,2
85,6,3
85,3,3
85,9,3
85,10,3
85,36,3
85,5,3
85,8,3
85,11,3
85,29,3
85,35,3
85,42,3
85,48,3
85,65,3
85,83,3
85,84,3
85,93,3
85,2,3
85,1,4
85,4,4
85,34,4
85,77,4
85,0,4
85,25,4
85,30,4
85,71,4
85,81,4
85,24,4
85,32,4
85,41,4
85,44,4
85,46,4
85,56,4
85,66,4
85,98,4
85,12,4
85,13,4
85,52,4
85,18,4
85,37,4
85,75,4
85,21,4
85,50,4
85,51,4
85,54,4
85,63,4
85,69,4
85,72,4
85,79,4
85,80,4
85,82,4
85,96,4
85,16,4
85,23,4
85,26,4
85,27,4
85,43,4
85,49,4
85,58,4
85,59,4
85,62,4
85,64,4
85,67,4
85,73,4
85,74,4
85,76,4
85,91,4
85,94,4
85,95,4
85,97,4
85,47,5
85,70,5
85,78,5
85,28,5
85,57,5
85,61,5
85,89,5
85,88,5
85,22,5
85,38,5
85,45,5
85,53,5
85,68,5
85,92,5
85,99,5
85,33,5
85,39,5
85,55,5
86,86,0
86,15,1
86,7,2
86,14,2
86,17,2
86,19,2
86,20,2
86,31,2
86,40,2
86,60,2
86,85,2
86,87,2
86,90,2
86,6,3
86,3,3
86,9,3
86,10,3
86,36,3
86,5,3
86,8,3
86,11,3
86,29,3
86,35,3
86,42,3
86,48,3
86,65,3
86,83,3
86,84,3
86,93,3
86,2,3
86,1,4
86,4,4
86,34,4
86,77,4
86,0,4
86,25,4
86,30,4
86,71,4
86,81,4
86,24,4
86,32,4
86,41,4
86,44,4
86,46,4
86,56,4
86,66,4
86,98,4
86,12,4
86,13,4
86,52,4
86,18,4
86,37,4
86,75,4
86,21,4
86,50,4
86,51,4
86,54,4
86,63,4
86,69,4
86,72,4
86,79,4
86,80,4
86,82,4
86,96,4
86,16,4
86,23,4
86,26,4
86,27,4
86,43,4
86,49,4
86,58,4
86,59,4
86,62,4
86,64,4
86,67,4
86,73,4
86,74,4
86,76,4
86,91,4
86,94,4
86,95,4
86,97,4
86,47,5
86,70,5
86,78,5
86,28,5
86,57,5
86,61,5
86,89,5
86,88,5
86,22,5
86,38,5
86,45,5
86,53,5
86,68,5
86,92,5
86,99,5
86,33,5
86,39,5
86,55,5
87,87,0
87,15,1
87,7,2
87,14,2
87,17,2
87,19,2
87,20,2
87,31,2
87,40,2
87,60,2
87,85,2
87,86,2
87,90,2
87,6,3
87,3,3
87,9,3
87,10,3
87,36,3
87,5,3
87,8,3
87,11,3
87,29,3
87,35,3
87,42,3
87,48,3
87,65,3
87,83,3
87,84,3
87,93,3
87,2,3
87,1,4
87,4,4
87,34,4
87,77,4
87,0,4
87,25,4
87,30,4
87,71,4
87,81,4
87,24,4
87,32,4
87,41,4
87,44,4
87,46,4
87,56,4
87,66,4
87,98,4
87,12,4
87,13,4
87,52,4
87,18,4
87,37,4
87,75,4
87,21,4
87,50,4
87,51,4
87,54,4
87,63,4
87,69,4
87,72,4
87,79,4
87,80,4
87,82,4
87,96,4
87,16,4
87,23,4
87,26,4
87,27,4
87,43,4
87,49,4
87,58,4
87,59,4
87,62,4
87,64,4
87,67,4
87,73,4
87,74,4
87,76,4
87,91,4
87,94,4
87,95,4
87,97,4
87,47,5
87,70,5
87,78,5
87,28,5
87,57,5
87,61,5
87,89,5
87,88,5
87,22,5
87,38,5
87,45,5
87,53,5
87,68,5
87,92,5
87,99,5
87,33,5
87,39,5
87,55,5
88,88,0
88,12,1
88,11,2
88,0,2
88,9,2
88,6,3
88,2,3
88,3,3
88,4,3
88,13,3
88,16,3
88,23,3
88,26,3
88,27,3
88,43,3
88,49,3
88,58,3
88,59,3
88,62,3
88,64,3
88,67,3
88,73,3
88,74,3
88,76,3
88,91,3
88,94,3
88,95,3
88,97,3
88,5,3
88,7,3
88,17,3
88,1,3
88,28,3
88,57,3
88,61,3
88,89,3
88,20,3
88,24,3
88,32,3
88,41,3
88,44,3
88,46,3
88,56,3
88,66,3
88,98,3
88,14,3
88,10,4
88,34,4
88,77,4
88,8,4
88,18,4
88,25,4
88,30,4
88,71,4
88,81,4
88,47,4
88,70,4
88,78,4
88,22,4
88,38,4
88,45,4
88,53,4
88,68,4
88,92,4
88,99,4
88,19,4
88,37,4
88,75,4
88,15,4
88,36,4
88,29,4
88,35,4
88,42,4
88,48,4
88,65,4
88,83,4
88,84,4
88,93,4
88,52,5
88,21,5
88,50,5
88,51,5
88,54,5
88,63,5
88,69,5
88,72,5
88,79,5
88,80,5
88,82,5
88,96,5
88,33,5
88,39,5
88,55,5
88,31,5
88,40,5
88,60,5
88,85,5
88,86,5
88,87,5
88,90,5
89,89,0
89,0,1
89,1,2
89,2,2
89,3,2
89,12,2
89,16,2
89,28,2
89,57,2
89,61,2
89,4,3
89,5,3
89,6,3
89,8,3
89,11,3
89,13,3
89,18,3
89,20,3
89,7,3
89,14,3
89,25,3
89,30,3
89,71,3
89,81,3
89,88,3
89,9,3
89,47,4
89,70,4
89,78,4
89,19,4
89,37,4
89,75,4
89,10,4
89,34,4
89,77,4
89,21,4
89,50,4
89,51,4
89,54,4
89,63,4
89,69,4
89,72,4
89,79,4
89,80,4
89,82,4
89,96,4
89,23,4
89,26,4
89,27,4
89,43,4
89,49,4
89,58,4
89,59,4
89,62,4
89,64,4
89,67,4
89,73,4
89,74,4
89,76,4
89,91,4
89,94,4
89,95,4
89,97,4
89,17,4
89,22,4
89,38,4
89,45,4
89,53,4
89,68,4
89,92,4
89,99,4
89,33,4
89,39,4
89,55,4
89,15,4
89,36,4
89,29,4
89,35,4
89,42,4
89,48,4
89,65,4
89,83,4
89,84,4
89,93,4
89,24,4
89,32,4
89,41,4
89,44,4
89,46,4
89,56,4
89,66,4
89,98,4
89,52,5
89,31,5
89,40,5
89,60,5
89,85,5
89,86,5
89,87,5
89,90,5
90,90,0
90,15,1
90,7,2
90,14,2
90,17,2
90,19,2
90,20,2
90,31,2
90,40,2
90,60,2
90,85,2
90,86,2
90,87,2
90,6,3
90,3,3
90,9,3
90,10,3
90,36,3
90,5,3
90,8,3
90,11,3
90,29,3
90,35,3
90,42,3
90,48,3
90,65,3
90,83,3
90,84,3
90,93,3
90,2,3
90,1,4
90,4,4
90,34,4
90,77,4
90,0,4
90,25,4
90,30,4
90,71,4
90,81,4
90,24,4
90,32,4
90,41,4
90,44,4
90,46,4
90,56,4
90,66,4
90,98,4
90,12,4
90,13,4
90,52,4
90,18,4
90,37,4
90,75,4
90,21,4
90,50,4
90,51,4
90,54,4
90,63,4
90,69,4
90,72,4
90,79,4
90,80,4
90,82,4
90,96,4
90,16,4
90,23,4
90,26,4
90,27,4
90,43,4
90,49,4
90,58,4
90,59,4
90,62,4
90,64,4
90,67,4
90,73,4
90,74,4
90,76,4
90,91,4
90,94,4
90,95,4
90,97,4
90,47,5
90,70,5
90,78,5
90,28,5
90,57,5
90,61,5
90,89,5
90,88,5
90,22,5
90,38,5
90,45,5
90,53,5
90,68,5
90,92,5
90,99,5
90,33,5
90,39,5
90,55,5
91,91,0
91,11,1
91,6,2
91,2,2
91,3,2
91,4,2
91,12,2
91,13,2
91,16,2
91,23,2
91,26,2
91,27,2
91,43,2
91,49,2
91,58,2
91,59,2
91,62,2
91,64,2
91,67,2
91,73,2
91,74,2
91,76,2
91,94,2
91,95,2
91,97,2
91,5,2
91,9,2
91,7,2
91,17,2
91,1,3
91,10,3
91,34,3
91,77,3
91,8,3
91,0,3
91,18,3
91,20,3
91,14,3
91,25,3
91,30,3
91,71,3
91,81,3
91,47,3
91,70,3
91,78,3
91,88,3
91,22,3
91,38,3
91,45,3
91,53,3
91,68,3
91,92,3
91,99,3
91,19,3
91,37,3
91,75,3
91,24,3
91,32,3
91,41,3
91,44,3
91,46,3
91,56,3
91,66,3
91,98,3
91,15,3
91,36,3
91,52,4
91,21,4
91,50,4
91,51,4
91,54,4
91,63,4
91,69,4
91,72,4
91,79,4
91,80,4
91,82,4
91,96,4
91,28,4
91,57,4
91,61,4
91,89,4
91,33,4
91,39,4
91,55,4
91,29,4
91,35,4
91,42,4
91,48,4
91,65,4
91,83,4
91,84,4
91,93,4
91,31,4
91,40,4
91,60,4
91,85,4
91,86,4
91,87,4
91,90,4
92,92,0
92,13,1
92,2,2
92,11,2
92,22,2
92,38,2
92,45,2
92,53,2
92,68,2
92,99,2
92,5,2
92,9,2
92,0,3
92,1,3
92,3,3
92,4,3
92,18,3
92,20,3
92,6,3
92,12,3
92,16,3
92,23,3
92,26,3
92,27,3
92,43,3
92,49,3
92,58,3
92,59,3
92,62,3
92,64,3
92,67,3
92,73,3
92,74,3
92,76,3
92,91,3
92,94,3
92,95,3
92,97,3
92,7,3
92,17,3
92,14,3
92,19,3
92,37,3
92,75,3
92,10,3
92,24,3
92,32,3
92,41,3
92,44,3
92,46,3
92,56,3
92,66,3
92,98,3
92,28,4
92,57,4
92,61,4
92,89,4
92,8,4
92,25,4
92,30,4
92,71,4
92,81,4
92,47,4
92,70,4
92,78,4
92,33,4
92,39,4
92,55,4
92,15,4
92,34,4
92,77,4
92,88,4
92,36,4
92,29,4
92,35,4
92,42,4
92,48,4
92,65,4
92,83,4
92,84,4
92,93,4
92,52,4
92,21,5
92,50,5
92,51,5
92,54,5
92,63,5
92,69,5
92,72,5
92,79,5
92,80,5
92,82,5
92,96,5
92,31,5
92,40,5
92,60,5
92,85,5
92,86,5
92,87,5
92,90,5
93,93,0
93,14,1
93,5,2
93,3,2
93,15,2
93,19,2
93,29,2
93,35,2
93,42,2
93,48,2
93,65,2
93,83,2
93,84,2
93,9,2
93,1,3
93,37,3
93,75,3
93,11,3
93,6,3
93,7,3
93,10,3
93,13,3
93,0,3
93,2,3
93,4,3
93,25,3
93,30,3
93,71,3
93,81,3
93,17,3
93,20,3
93,31,3
93,40,3
93,60,3
93,85,3
93,86,3
93,87,3
93,90,3
93,24,3
93,32,3
93,41,3
93,44,3
93,46,3
93,56,3
93,66,3
93,98,3
93,12,3
93,8,4
93,16,4
93,23,4
93,26,4
93,27,4
93,43,4
93,49,4
93,58,4
93,59,4
93,62,4
93,64,4
93,67,4
93,73,4
93,74,4
93,76,4
93,91,4
93,94,4
93,95,4
93,97,4
93,34,4
93,77,4
93,36,4
93,52,4
93,18,4
93,22,4
93,38,4
93,45,4
93,53,4
93,68,4
93,92,4
93,99,4
93,28,4
93,57,4
93,61,4
93,89,4
93,47,4
93,70,4
93,78,4
93,88,4
93,21,5
93,50,5
93,51,5
93,54,5
93,63,5
93,69,5
93,72,5
93,79,5
93,80,5
93,82,5
93,96,5
93,33,5
93,39,5
93,55,5
94,94,0
94,11,1
94,6,2
94,2,2
94,3,2
94,4,2
94,12,2
94,13,2
94,16,2
94,23,2
94,26,2
94,27,2
94,43,2
94,49,2
94,58,2
94,59,2
94,62,2
94,64,2
94,67,2
94,73,2
94,74,2
94,76,2
94,91,2
94,95,2
94,97,2
94,5,2
94,9,2
94,7,2
94,17,2
94,1,3
94,10,3
94,34,3
94,77,3
94,8,3
94,0,3
94,18,3
94,20,3
94,14,3
94,25,3
94,30,3
94,71,3
94,81,3
94,47,3
94,70,3
94,78,3
94,88,3
94,22,3
94,38,3
94,45,3
94,53,3
94,68,3
94,92,3
94,99,3
94,19,3
94,37,3
94,75,3
94,24,3
94,32,3
94,41,3
94,44,3
94,46,3
94,56,3
94,66,3
94,98,3
94,15,3
94,36,3
94,52,4
94,21,4
94,50,4
94,51,4
94,54,4
94,63,4
94,69,4
94,72,4
94,79,4
94,80,4
94,82,4
94,96,4
94,28,4
94,57,4
94,61,4
94,89,4
94,33,4
94,39,4
94,55,4
94,29,4
94,35,4
94,42,4
94,48,4
94,65,4
94,83,4
94,84,4
94,93,4
94,31,4
94,40,4
94,60,4
94,85,4
94,86,4
94,87,4
94,90,4
95,95,0
95,11,1
95,6,2
95,2,2
95,3,2
95,4,2
95,12,2
95,13,2
95,16,2
95,23,2
95,26,2
95,27,2
95,43,2
95,49,2
95,58,2
95,59,2
95,62,2
95,64,2
95,67,2
95,73,2
95,74,2
95,76,2
95,91,2
95,94,2
95,97,2
95,5,2
95,9,2
95,7,2
95,17,2
95,1,3
95,10,3
95,34,3
95,77,3
95,8,3
95,0,3
95,18,3
95,20,3
95,14,3
95,25,3
95,30,3
95,71,3
95,81,3
95,47,3
95,70,3
95,78,3
95,88,3
95,22,3
95,38,3
95,45,3
95,53,3
95,68,3
95,92,3
95,99,3
95,19,3
95,37,3
95,75,3
95,24,3
95,32,3
95,41,3
95,44,3
95,46,3
95,56,3
95,66,3
95,98,3
95,15,3
95,36,3
95,52,4
95,21,4
95,50,4
95,51,4
95,54,4
95,63,4
95,69,4
95,72,4
95,79,4
95,80,4
95,82,4
95,96,4
95,28,4
95,57,4
95,61,4
95,89,4
95,33,4
95,39,4
95,55,4
95,29,4
95,35,4
95,42,4
95,48,4
95,65,4
95,83,4
95,84,4
95,93,4
95,31,4
95,40,4
95,60,4
95,85,4
95,86,4
95,87,4
95,90,4
96,96,0
96,8,1
96,1,2
96,18,2
96,21,2
96,50,2
96,51,2
96,54,2
96,63,2
96,69,2
96,72,2
96,79,2
96,80,2
96,82,2
96,6,2
96,7,2
96,0,3
96,2,3
96,3,3
96,4,3
96,5,3
96,33,3
96,39,3
96,55,3
96,10,3
96,9,3
96,11,3
96,34,3
96,77,3
96,15,3
96,17,3
96,36,3
96,12,4
96,16,4
96,28,4
96,57,4
96,61,4
96,89,4
96,13,4
96,20,4
96,14,4
96,25,4
96,30,4
96,71,4
96,81,4
96,47,4
96,70,4
96,78,4
96,19,4
96,37,4
96,75,4
96,52,4
96,24,4
96,32,4
96,41,4
96,44,4
96,46,4
96,56,4
96,66,4
96,98,4
96,23,4
96,26,4
96,27,4
96,43,4
96,49,4
96,58,4
96,59,4
96,62,4
96,64,4
96,67,4
96,73,4
96,74,4
96,76,4
96,91,4
96,94,4
96,95,4
96,97,4
96,31,4
96,40,4
96,60,4
96,85,4
96,86,4
96,87,4
96,90,4
96,88,5
96,22,5
96,38,5
96,45,5
96,53,5
96,68,5
96,92,5
96,99,5
96,29,5
96,35,5
96,42,5
96,48,5
96,65,5
96,83,5
96,84,5
96,93,5
97,97,0
97,11,1
97,6,2
97,2,2
97,3,2
97,4,2
97,12,2
97,13,2
97,16,2
97,23,2
97,26,2
97,27,2
97,43,2
97,49,2
97,58,2
97,59,2
97,62,2
97,64,2
97,67,2
97,73,2
97,74,2
97,76,2
97,91,2
97,94,2
97,95,2
97,5,2
97,9,2
97,7,2
97,17,2
97,1,3
97,10,3
97,34,3
97,77,3
97,8,3
97,0,3
97,18,3
97,20,3
97,14,3
97,25,3
97,30,3
97,71,3
97,81,3
97,47,3
97,70,3
97,78,3
97,88,3
97,22,3
97,38,3
97,45,3
97,53,3
97,68,3
97,92,3
97,99,3
97,19,3
97,37,3
97,75,3
97,24,3
97,32,3
97,41,3
97,44,3
97,46,3
97,56,3
97,66,3
97,98,3
97,15,3
97,36,3
97,52,4
97,21,4
97,50,4
97,51,4
97,54,4
97,63,4
97,69,4
97,72,4
97,79,4
97,80,4
97,82,4
97,96,4
97,28,4
97,57,4
97,61,4
97,89,4
97,33,4
97,39,4
97,55,4
97,29,4
97,35,4
97,42,4
97,48,4
97,65,4
97,83,4
97,84,4
97,93,4
97,31,4
97,40,4
97,60,4
97,85,4
97,86,4
97,87,4
97,90,4
98,98,0
98,9,1
98,6,2
98,4,2
98,7,2
98,17,2
98,20,2
98,24,2
98,32,2
98,41,2
98,44,2
98,46,2
98,56,2
98,66,2
98,11,2
98,12,2
98,13,2
98,14,2
98,1,3
98,10,3
98,34,3
98,77,3
98,5,3
98,8,3
98,3,3
98,2,3
98,16,3
98,47,3
98,70,3
98,78,3
98,15,3
98,36,3
98,23,3
98,26,3
98,27,3
98,43,3
98,49,3
98,58,3
98,59,3
98,62,3
98,64,3
98,67,3
98,73,3
98,74,3
98,76,3
98,91,3
98,94,3
98,95,3
98,97,3
98,0,3
98,88,3
98,22,3
98,38,3
98,45,3
98,53,3
98,68,3
98,92,3
98,99,3
98,19,3
98,29,3
98,35,3
98,42,3
98,48,3
98,65,3
98,83,3
98,84,3
98,93,3
98,52,4
98,18,4
98,37,4
98,75,4
98,21,4
98,50,4
98,51,4
98,54,4
98,63,4
98,69,4
98,72,4
98,79,4
98,80,4
98,82,4
98,96,4
98,25,4
98,30,4
98,71,4
98,81,4
98,31,4
98,40,4
98,60,4
98,85,4
98,86,4
98,87,4
98,90,4
98,28,4
98,57,4
98,61,4
98,89,4
98,33,5
98,39,5
98,55,5
99,99,0
99,13,1
99,2,2
99,11,2
99,22,2
99,38,2
99,45,2
99,53,2
99,68,2
99,92,2
99,5,2
99,9,2
99,0,3
99,1,3
99,3,3
99,4,3
99,18,3
99,20,3
99,6,3
99,12,3
99,16,3
99,23,3
99,26,3
99,27,3
99,43,3
99,49,3
99,58,3
99,59,3
99,62,3
99,64,3
99,67,3
99,73,3
99,74,3
99,76,3
99,91,3
99,94,3
99,95,3
99,97,3
99,7,3
99,17,3
99,14,3
99,19,3
99,37,3
99,75,3
99,10,3
99,24,3
99,32,3
99,41,3
99,44,3
99,46,3
99,56,3
99,66,3
99,98,3
99,28,4
99,57,4
99,61,4
99,89,4
99,8,4
99,25,4
99,30,4
99,71,4
99,81,4
99,47,4
99,70,4
99,78,4
99,33,4
99,39,4
99,55,4
99,15,4
99,34,4
99,77,4
99,88,4
99,36,4
99,29,4
99,35,4
99,42,4
99,48,4
99,65,4
99,83,4
99,84,4
99,93,4
99,52,4
99,21,5
99,50,5
99,51,5
99,54,5
99,63,5
99,69,5
99,72,5
99,79,5
99,80,5
99,82,5
99,96,5
99,31,5
99,40,5
99,60,5
99,85,5
99,86,5
99,87,5
99,90,5
